{"metadata":{"castkaCislo":"31/2025","predpisCislo":"31/2025 Sb.","rocnik":2025,"datumUcinnostiZneniOd":null},"fragmenty":[{"fragmentId":614975647,"hloubka":0,"typ":"Virtual_Document","xhtml":"","souboroveDokumenty":null},{"fragmentId":614984325,"hloubka":1,"typ":"Virtual_Prefix","xhtml":null,"souboroveDokumenty":null},{"fragmentId":614984327,"hloubka":2,"typ":"Prefix_Number","xhtml":"31","souboroveDokumenty":null},{"fragmentId":614984329,"hloubka":2,"typ":"Prefix_Type","xhtml":"ZÁKON","souboroveDokumenty":null},{"fragmentId":614984331,"hloubka":2,"typ":"Prefix_Date","xhtml":"ze dne 22. ledna 2025","souboroveDokumenty":null},{"fragmentId":614984333,"hloubka":2,"typ":"Prefix_Title","xhtml":"o implementaci předpisů Evropské unie v oblasti digitalizace finančního trhu (zákon o digitalizaci finančního trhu)","souboroveDokumenty":null},{"fragmentId":614984335,"hloubka":2,"typ":"Prefix","xhtml":"Parlament se usnesl na tomto zákoně České republiky:","souboroveDokumenty":null},{"fragmentId":614984337,"hloubka":1,"typ":"Virtual_Norma","xhtml":null,"souboroveDokumenty":null},{"fragmentId":614984339,"hloubka":2,"typ":"Cast","xhtml":"<var>ČÁST PRVNÍ</var>","souboroveDokumenty":null},{"fragmentId":614984341,"hloubka":3,"typ":"Nadpis_pod","xhtml":"ÚVODNÍ USTANOVENÍ","souboroveDokumenty":null},{"fragmentId":614984343,"hloubka":3,"typ":"Paragraf","xhtml":"<var>§ 1</var>","souboroveDokumenty":null},{"fragmentId":614984345,"hloubka":4,"typ":"Nadpis_pod","xhtml":"Předmět úpravy","souboroveDokumenty":null},{"fragmentId":614984347,"hloubka":4,"typ":"Odstavec_Dc","xhtml":"Tento zákon upravuje v návaznosti na přímo použitelné předpisy Evropské unie<a data-odkaz-id=\"112987477\" href=\"#\"  class=\"int_odkaz\"><sup>1</sup>)</a>","souboroveDokumenty":null},{"fragmentId":614984349,"hloubka":5,"typ":"Pismeno_Lb","xhtml":"<var>a)</var> některá práva a povinnosti osob, na které se vztahuje přímo použitelný předpis Evropské unie upravující trhy kryptoaktiv,","souboroveDokumenty":null},{"fragmentId":614984351,"hloubka":5,"typ":"Pismeno_Lb","xhtml":"<var>b)</var> působnost a dohled České národní banky a","souboroveDokumenty":null},{"fragmentId":614984809,"hloubka":5,"typ":"Pismeno_Lb","xhtml":"<var>c)</var> přestupky.","souboroveDokumenty":null},{"fragmentId":614984353,"hloubka":2,"typ":"Cast","xhtml":"<var>ČÁST DRUHÁ</var>","souboroveDokumenty":null},{"fragmentId":614984355,"hloubka":3,"typ":"Nadpis_pod","xhtml":"NĚKTERÁ USTANOVENÍ TÝKAJÍCÍ SE NABÍZENÍ KRYPTOAKTIV VEŘEJNOSTI NEBO POSKYTOVÁNÍ SLUŽEB SOUVISEJÍCÍCH S KRYPTOAKTIVY","souboroveDokumenty":null},{"fragmentId":614984357,"hloubka":3,"typ":"Paragraf","xhtml":"<var>§ 2</var>","souboroveDokumenty":null},{"fragmentId":614984359,"hloubka":4,"typ":"Nadpis_pod","xhtml":"Některé povinnosti vydavatelů elektronických peněžních tokenů","souboroveDokumenty":null},{"fragmentId":614984361,"hloubka":4,"typ":"Odstavec_Dc","xhtml":"<var>(1)</var> Na vydavatele významného elektronického peněžního tokenu, který je institucí elektronických peněz, se <a data-odkaz-id=\"112987483\" href=\"#\"  class=\"ext_odkaz\">§ 74</a> a <a data-odkaz-id=\"112987489\" href=\"#\"  class=\"ext_odkaz\">80</a> zákona <a data-odkaz-id=\"112987495\" href=\"#\"  class=\"ext_odkaz\">o platebním styku</a> nepoužijí.","souboroveDokumenty":null},{"fragmentId":614984363,"hloubka":4,"typ":"Odstavec_Dc","xhtml":"<var>(2)</var> Na vydavatele elektronického peněžního tokenu, který je institucí elektronických peněz, se <a data-odkaz-id=\"112987501\" href=\"#\"  class=\"ext_odkaz\">§ 74</a> a <a data-odkaz-id=\"112987507\" href=\"#\"  class=\"ext_odkaz\">80</a> zákona <a data-odkaz-id=\"112987513\" href=\"#\"  class=\"ext_odkaz\">o platebním styku</a> nepoužijí, rozhodne-li tak Česká národní banka podle čl. 58 odst. 2 nařízení Evropského parlamentu a Rady (EU) <a class=\"linkeurule\" data-link=\"eurule\" data-cellarid=\"01d55833-0660-11ee-b12e-01aa75ed71a1\" href=\"http://eur-lex.europa.eu/legal-content/CS/AUTO/?uri=cellar:01d55833-0660-11ee-b12e-01aa75ed71a1\" data-author=\"http://publications.europa.eu/resource/authority/corporate-body/EP\" data-dts=\"3\" data-dtt=\"R\" data-dta=\"2023\" data-dtn=\"1114\" data-id_celex=\"32023R1114\" data-typeid=\"0\" data-flag=\"1\">2023/1114</a>.","souboroveDokumenty":null},{"fragmentId":614984365,"hloubka":3,"typ":"Paragraf","xhtml":"<var>§ 3</var>","souboroveDokumenty":null},{"fragmentId":614984367,"hloubka":4,"typ":"Nadpis_pod","xhtml":"Rezerva aktiv","souboroveDokumenty":null},{"fragmentId":614984369,"hloubka":4,"typ":"Odstavec_Dc","xhtml":"<var>(1)</var> Rezerva aktiv vydavatele tokenu vázaného na aktiva a výnosy spojené s investicí rezervy aktiv nepodléhají výkonu rozhodnutí nebo exekuci na majetek vydavatele tokenu vázaného na aktiva.","souboroveDokumenty":null},{"fragmentId":614984371,"hloubka":4,"typ":"Odstavec_Dc","xhtml":"<var>(2)</var> Omezení podle <a data-odkaz-id=\"112987519\" href=\"#\"  class=\"int_odkaz\">odstavce 1</a> se nepoužije na zbývající část rezervy aktiv a výnosy spojené s touto částí rezervy aktiv, pokud byl proveden plán zpětné výměny podle čl. 47 nařízení Evropského parlamentu a Rady (EU) <a class=\"linkeurule\" data-link=\"eurule\" data-cellarid=\"01d55833-0660-11ee-b12e-01aa75ed71a1\" href=\"http://eur-lex.europa.eu/legal-content/CS/AUTO/?uri=cellar:01d55833-0660-11ee-b12e-01aa75ed71a1\" data-author=\"http://publications.europa.eu/resource/authority/corporate-body/EP\" data-dts=\"3\" data-dtt=\"R\" data-dta=\"2023\" data-dtn=\"1114\" data-id_celex=\"32023R1114\" data-typeid=\"0\" data-flag=\"1\">2023/1114</a> a všichni oprávnění držitelé tokenu vázaného na aktiva byli podle tohoto plánu plně uspokojeni.","souboroveDokumenty":null},{"fragmentId":614984373,"hloubka":4,"typ":"Odstavec_Dc","xhtml":"<var>(3)</var> Na rezervu aktiv vydavatele významného elektronického peněžního tokenu, který je institucí elektronických peněz, a vydavatele elektronického peněžního tokenu, který je institucí elektronických peněz a u něhož o vytváření rezervy aktiv rozhodla Česká národní banka podle čl. 58 odst. 2 nařízení Evropského parlamentu a Rady (EU) <a class=\"linkeurule\" data-link=\"eurule\" data-cellarid=\"01d55833-0660-11ee-b12e-01aa75ed71a1\" href=\"http://eur-lex.europa.eu/legal-content/CS/AUTO/?uri=cellar:01d55833-0660-11ee-b12e-01aa75ed71a1\" data-author=\"http://publications.europa.eu/resource/authority/corporate-body/EP\" data-dts=\"3\" data-dtt=\"R\" data-dta=\"2023\" data-dtn=\"1114\" data-id_celex=\"32023R1114\" data-typeid=\"0\" data-flag=\"1\">2023/1114</a>, se <a data-odkaz-id=\"112987525\" href=\"#\"  class=\"int_odkaz\">odstavce 1</a> a <a data-odkaz-id=\"112987531\" href=\"#\"  class=\"int_odkaz\">2</a> použijí obdobně.","souboroveDokumenty":null},{"fragmentId":614984375,"hloubka":3,"typ":"Paragraf","xhtml":"<var>§ 4</var>","souboroveDokumenty":null},{"fragmentId":614984377,"hloubka":4,"typ":"Nadpis_pod","xhtml":"Ochrana svěřených prostředků","souboroveDokumenty":null},{"fragmentId":614984379,"hloubka":4,"typ":"Odstavec_Dc","xhtml":"<var>(1)</var> Svěřenými prostředky se pro účely tohoto zákona rozumí","souboroveDokumenty":null},{"fragmentId":614984381,"hloubka":5,"typ":"Pismeno_Lb","xhtml":"<var>a)</var> kryptoaktiva,","souboroveDokumenty":null},{"fragmentId":614984383,"hloubka":5,"typ":"Pismeno_Lb","xhtml":"<var>b)</var> prostředky přístupu ke kryptoaktivům,","souboroveDokumenty":null},{"fragmentId":614984385,"hloubka":5,"typ":"Pismeno_Lb","xhtml":"<var>c)</var> peněžní prostředky svěřené poskytovateli služeb souvisejících s kryptoaktivy.","souboroveDokumenty":null},{"fragmentId":614984387,"hloubka":4,"typ":"Odstavec_Dc","xhtml":"<var>(2)</var> Svěřené prostředky nepodléhají výkonu rozhodnutí nebo exekuci na majetek poskytovatele služeb souvisejících s kryptoaktivy.","souboroveDokumenty":null},{"fragmentId":614984389,"hloubka":4,"typ":"Odstavec_Dc","xhtml":"<var>(3)</var> Je-li vydáno rozhodnutí o úpadku poskytovatele služeb souvisejících s kryptoaktivy, zvláštní insolvenční správce vydá svěřené prostředky bez zbytečného odkladu zákazníkovi, a to včetně výnosů ze svěřených prostředků.","souboroveDokumenty":null},{"fragmentId":614984391,"hloubka":4,"typ":"Odstavec_Dc","xhtml":"<var>(4)</var> Jestliže kryptoaktiva, která jsou vzájemně zastupitelná, nepostačují k uspokojení všech zákazníků, kteří mají právo na jejich vydání podle <a data-odkaz-id=\"112987543\" href=\"#\"  class=\"int_odkaz\">odstavce 3</a>, vydá zvláštní insolvenční správce každému zákazníkovi poměrný podíl na těchto kryptoaktivech. Nelze-li kryptoaktiva dělit, zvláštní insolvenční správce tato kryptoaktiva zpeněží a každému zákazníkovi vydá takový podíl na získaných peněžních prostředcích, který odpovídá rozsahu, v jakém nebyl zákazník uspokojen.","souboroveDokumenty":null},{"fragmentId":614984393,"hloubka":4,"typ":"Odstavec_Dc","xhtml":"<var>(5)</var> V rozsahu, ve kterém právo na vydání svěřených prostředků nemůže být uspokojeno, se příslušná pohledávka považuje za včas a řádně přihlášenou podle <a data-odkaz-id=\"112987549\" href=\"#\"  class=\"ext_odkaz\">zákona upravujícího úpadek a způsoby jeho řešení</a>.","souboroveDokumenty":null},{"fragmentId":614984395,"hloubka":3,"typ":"Paragraf","xhtml":"<var>§ 5</var>","souboroveDokumenty":null},{"fragmentId":614984397,"hloubka":4,"typ":"Nadpis_pod","xhtml":"Ověření ochrany svěřených prostředků","souboroveDokumenty":null},{"fragmentId":614984399,"hloubka":4,"typ":"Odstavec_Dc","xhtml":"Poskytovatel služeb souvisejících s kryptoaktivy poskytující úschovu a správu kryptoaktiv jménem zákazníků zajistí nejméně jednou ročně ověření přiměřenosti opatření přijatých za účelem ochrany svěřených prostředků auditorem podle <a data-odkaz-id=\"112987555\" href=\"#\"  class=\"ext_odkaz\">zákona upravujícího auditorskou činnost</a>. Poskytovatel služeb souvisejících s kryptoaktivy poskytne České národní bance zprávu o ověření přiměřenosti opatření přijatých poskytovatelem služeb souvisejících s kryptoaktivy za účelem ochrany svěřených prostředků bez zbytečného odkladu po jejím vyhotovení.","souboroveDokumenty":null},{"fragmentId":614984401,"hloubka":3,"typ":"Paragraf","xhtml":"<var>§ 6</var>","souboroveDokumenty":null},{"fragmentId":614984403,"hloubka":4,"typ":"Nadpis_pod","xhtml":"Předložení účetní závěrky","souboroveDokumenty":null},{"fragmentId":614984405,"hloubka":4,"typ":"Odstavec_Dc","xhtml":"Poskytovatel služeb souvisejících s kryptoaktivy předloží České národní bance řádnou účetní závěrku ve znění, v jakém byla ověřena auditorem, a zprávu auditora o jejím ověření nejpozději do 4 měsíců po skončení účetního období.","souboroveDokumenty":null},{"fragmentId":614984407,"hloubka":3,"typ":"Paragraf","xhtml":"<var>§ 7</var>","souboroveDokumenty":null},{"fragmentId":614984409,"hloubka":4,"typ":"Nadpis_pod","xhtml":"Odborná způsobilost","souboroveDokumenty":null},{"fragmentId":614984411,"hloubka":4,"typ":"Odstavec_Dc","xhtml":"<var>(1)</var> Odbornou způsobilostí pro poskytování poradenství týkajícího se kryptoaktiv jsou odborné znalosti a dovednosti nezbytné pro poskytování poradenství týkajícího se kryptoaktiv, které zahrnují","souboroveDokumenty":null},{"fragmentId":614984413,"hloubka":5,"typ":"Pismeno_Lb","xhtml":"<var>a)</var> znalosti regulace poskytování služeb souvisejících s kryptoaktivy a","souboroveDokumenty":null},{"fragmentId":614984415,"hloubka":5,"typ":"Pismeno_Lb","xhtml":"<var>b)</var> schopnost řádně zákazníkovi vysvětlit povahu kryptoaktiv a informace týkající se kryptoaktiv nebo služeb souvisejících s kryptoaktivy a poskytnout mu doporučení.","souboroveDokumenty":null},{"fragmentId":614984417,"hloubka":4,"typ":"Odstavec_Dc","xhtml":"<var>(2)</var> Odborné znalosti podle <a data-odkaz-id=\"112987561\" href=\"#\"  class=\"int_odkaz\">odstavce 1 písm. a)</a> zahrnují","souboroveDokumenty":null},{"fragmentId":614984419,"hloubka":5,"typ":"Pismeno_Lb","xhtml":"<var>a)</var> znalosti v rozsahu odborného minima o finančním trhu,","souboroveDokumenty":null},{"fragmentId":614984421,"hloubka":5,"typ":"Pismeno_Lb","xhtml":"<var>b)</var> základní znalosti o struktuře, subjektech a fungování trhu s kryptoaktivy,","souboroveDokumenty":null},{"fragmentId":614984423,"hloubka":5,"typ":"Pismeno_Lb","xhtml":"<var>c)</var> znalosti regulace nabízení kryptoaktiv veřejnosti a poskytování služeb souvisejících s kryptoaktivy a","souboroveDokumenty":null},{"fragmentId":614984425,"hloubka":5,"typ":"Pismeno_Lb","xhtml":"<var>d)</var> znalosti etických standardů poskytování služeb souvisejících s kryptoaktivy, pokud existují.","souboroveDokumenty":null},{"fragmentId":614984427,"hloubka":3,"typ":"Paragraf","xhtml":"<var>§ 8</var>","souboroveDokumenty":null},{"fragmentId":614984429,"hloubka":4,"typ":"Nadpis_pod","xhtml":"Informační povinnost","souboroveDokumenty":null},{"fragmentId":614984431,"hloubka":4,"typ":"Odstavec_Dc","xhtml":"<var>(1)</var> Vydavatel tokenu vázaného na aktiva, vydavatel elektronického peněžního tokenu a poskytovatel služeb souvisejících s kryptoaktivy poskytují České národní bance informace potřebné pro posouzení plnění obezřetnostních požadavků podle přímo použitelného předpisu Evropské unie upravujícího trhy kryptoaktiv.","souboroveDokumenty":null},{"fragmentId":614984433,"hloubka":4,"typ":"Odstavec_Dc","xhtml":"<var>(2)</var> Formu, lhůty a způsob poskytování informací podle <a data-odkaz-id=\"112987567\" href=\"#\"  class=\"int_odkaz\">odstavce 1</a> stanoví Česká národní banka vyhláškou.","souboroveDokumenty":null},{"fragmentId":614984435,"hloubka":2,"typ":"Cast","xhtml":"<var>ČÁST TŘETÍ</var>","souboroveDokumenty":null},{"fragmentId":614984437,"hloubka":3,"typ":"Nadpis_pod","xhtml":"DOHLED","souboroveDokumenty":null},{"fragmentId":614984439,"hloubka":3,"typ":"Paragraf","xhtml":"<var>§ 9</var>","souboroveDokumenty":null},{"fragmentId":614984441,"hloubka":4,"typ":"Nadpis_pod","xhtml":"Příslušný orgán","souboroveDokumenty":null},{"fragmentId":614984443,"hloubka":4,"typ":"Odstavec_Dc","xhtml":"Příslušným orgánem podle přímo použitelného předpisu Evropské unie upravujícího digitální provozní odolnost finančního sektoru a přímo použitelného předpisu Evropské unie upravujícího trhy kryptoaktiv je Česká národní banka.","souboroveDokumenty":null},{"fragmentId":614984445,"hloubka":3,"typ":"Paragraf","xhtml":"<var>§ 10</var>","souboroveDokumenty":null},{"fragmentId":614984447,"hloubka":4,"typ":"Nadpis_pod","xhtml":"Osoby podléhající dohledu","souboroveDokumenty":null},{"fragmentId":614984449,"hloubka":4,"typ":"Odstavec_Dc","xhtml":"Česká národní banka vykonává dohled nad dodržováním povinností stanovených tímto zákonem nebo přímo použitelnými předpisy Evropské unie v oblasti digitalizace finančního trhu<a data-odkaz-id=\"112987573\" href=\"#\"  class=\"int_odkaz\"><sup>1</sup>)</a> osobou, na kterou se vztahují povinnosti nebo zákazy podle přímo použitelného předpisu Evropské unie upravujícího digitální provozní odolnost finančního sektoru nebo podle přímo použitelného předpisu Evropské unie upravujícího trhy kryptoaktiv.","souboroveDokumenty":null},{"fragmentId":614984451,"hloubka":3,"typ":"Paragraf","xhtml":"<var>§ 11</var>","souboroveDokumenty":null},{"fragmentId":614984453,"hloubka":4,"typ":"Nadpis_pod","xhtml":"Opatření k nápravě","souboroveDokumenty":null},{"fragmentId":614984455,"hloubka":4,"typ":"Odstavec_Dc","xhtml":"<var>(1)</var> Poruší-li osoba podléhající dohledu povinnost stanovenou tímto zákonem nebo přímo použitelným předpisem Evropské unie v oblasti digitalizace finančního trhu<a data-odkaz-id=\"112987579\" href=\"#\"  class=\"int_odkaz\"><sup>1</sup>)</a>, může jí Česká národní banka podle povahy a závažnosti zjištěného nedostatku uložit opatření k nápravě spočívající v povinnosti ve stanovené lhůtě","souboroveDokumenty":null},{"fragmentId":614984457,"hloubka":5,"typ":"Pismeno_Lb","xhtml":"<var>a)</var> zjednat nápravu, nebo","souboroveDokumenty":null},{"fragmentId":614984459,"hloubka":5,"typ":"Pismeno_Lb","xhtml":"<var>b)</var> sestavit mimořádnou účetní závěrku a nechat na své náklady provést mimořádný audit.","souboroveDokumenty":null},{"fragmentId":614984461,"hloubka":4,"typ":"Odstavec_Dc","xhtml":"<var>(2)</var> Osoba, které Česká národní banka uložila opatření k nápravě podle <a data-odkaz-id=\"112987585\" href=\"#\"  class=\"int_odkaz\">odstavce 1</a>, informuje Českou národní banku bez zbytečného odkladu o způsobu zjednání nápravy.","souboroveDokumenty":null},{"fragmentId":614984463,"hloubka":3,"typ":"Paragraf","xhtml":"<var>§ 12</var>","souboroveDokumenty":null},{"fragmentId":614984465,"hloubka":4,"typ":"Nadpis_pod","xhtml":"Pravomoci České národní banky v oblasti digitální provozní odolnosti finančního sektoru","souboroveDokumenty":null},{"fragmentId":614984467,"hloubka":4,"typ":"Odstavec_Dc","xhtml":"Česká národní banka je oprávněna při výkonu dohledu nad dodržováním povinností stanovených přímo použitelným předpisem Evropské unie upravujícím digitální provozní odolnost finančního sektoru uplatnit pravomoci podle čl. 50 odst. 2 písm. a) až c) nebo čl. 50 odst. 4 písm. b) nebo c) nařízení Evropského parlamentu a Rady (EU) <a class=\"linkeurule\" data-link=\"eurule\" data-cellarid=\"0caf473a-85bd-11ed-9887-01aa75ed71a1\" href=\"http://eur-lex.europa.eu/legal-content/CS/AUTO/?uri=cellar:0caf473a-85bd-11ed-9887-01aa75ed71a1\" data-author=\"http://publications.europa.eu/resource/authority/corporate-body/EP\" data-dts=\"3\" data-dtt=\"R\" data-dta=\"2022\" data-dtn=\"2554\" data-id_celex=\"32022R2554\" data-typeid=\"0\" data-flag=\"1\">2022/2554</a> a uložit osobě, vůči které byla daná pravomoc uplatněna, aby ji bez zbytečného odkladu informovala o splnění uložené povinnosti.","souboroveDokumenty":null},{"fragmentId":614984469,"hloubka":3,"typ":"Paragraf","xhtml":"<var>§ 13</var>","souboroveDokumenty":null},{"fragmentId":614984471,"hloubka":4,"typ":"Nadpis_pod","xhtml":"Pravomoci České národní banky v oblasti trhů kryptoaktiv","souboroveDokumenty":null},{"fragmentId":614984473,"hloubka":4,"typ":"Odstavec_Dc","xhtml":"<var>(1)</var> Česká národní banka je oprávněna při výkonu dohledu nad dodržováním povinností stanovených tímto zákonem nebo přímo použitelným předpisem Evropské unie upravujícím trhy kryptoaktiv uplatnit pravomoci podle čl. 94 odst. 1, čl. 94 odst. 3 písm. a) až c), g) nebo h), čl. 111 odst. 4 nebo čl. 111 odst. 5 písm. c) až g) nařízení Evropského parlamentu a Rady (EU) <a class=\"linkeurule\" data-link=\"eurule\" data-cellarid=\"01d55833-0660-11ee-b12e-01aa75ed71a1\" href=\"http://eur-lex.europa.eu/legal-content/CS/AUTO/?uri=cellar:01d55833-0660-11ee-b12e-01aa75ed71a1\" data-author=\"http://publications.europa.eu/resource/authority/corporate-body/EP\" data-dts=\"3\" data-dtt=\"R\" data-dta=\"2023\" data-dtn=\"1114\" data-id_celex=\"32023R1114\" data-typeid=\"0\" data-flag=\"1\">2023/1114</a> a uložit osobě, vůči které byla daná pravomoc uplatněna, aby ji bez zbytečného odkladu informovala o splnění uložené povinnosti.","souboroveDokumenty":null},{"fragmentId":614984475,"hloubka":4,"typ":"Odstavec_Dc","xhtml":"<var>(2)</var> Česká národní banka je oprávněna při výkonu dohledu nad dodržováním povinností stanovených v hlavě VI nařízení Evropského parlamentu a Rady (EU) <a class=\"linkeurule\" data-link=\"eurule\" data-cellarid=\"01d55833-0660-11ee-b12e-01aa75ed71a1\" href=\"http://eur-lex.europa.eu/legal-content/CS/AUTO/?uri=cellar:01d55833-0660-11ee-b12e-01aa75ed71a1\" data-author=\"http://publications.europa.eu/resource/authority/corporate-body/EP\" data-dts=\"3\" data-dtt=\"R\" data-dta=\"2023\" data-dtn=\"1114\" data-id_celex=\"32023R1114\" data-typeid=\"0\" data-flag=\"1\">2023/1114</a> předběžným opatřením přikázat","souboroveDokumenty":null},{"fragmentId":614984477,"hloubka":5,"typ":"Pismeno_Lb","xhtml":"<var>a)</var> tomu, kdo drží kryptoaktiva osoby, vůči které se uplatňuje pravomoc podle <a data-odkaz-id=\"112987591\" href=\"#\"  class=\"int_odkaz\">odstavce 1</a>, přijímá opatření k nápravě nebo ukládá správní trest, aby neprováděl převod těchto kryptoaktiv,","souboroveDokumenty":null},{"fragmentId":614984479,"hloubka":5,"typ":"Pismeno_Lb","xhtml":"<var>b)</var> tomu, kdo drží kryptoaktiva, která byla převedena osobou, vůči které se uplatňuje pravomoc podle <a data-odkaz-id=\"112987597\" href=\"#\"  class=\"int_odkaz\">odstavce 1</a>, přijímá opatření k nápravě nebo ukládá správní trest, nebo převedena jiným účastníkem řízení, aby neprováděl převod těchto kryptoaktiv,","souboroveDokumenty":null},{"fragmentId":614984481,"hloubka":5,"typ":"Pismeno_Lb","xhtml":"<var>c)</var> tomu, kdo má v úschově svěřené prostředky osoby, vůči které se uplatňuje pravomoc podle <a data-odkaz-id=\"112987609\" href=\"#\"  class=\"int_odkaz\">odstavce 1</a>, přijímá opatření k nápravě nebo ukládá správní trest, nebo jiného účastníka řízení, aby neprováděl převod svěřených prostředků,","souboroveDokumenty":null},{"fragmentId":614984483,"hloubka":5,"typ":"Pismeno_Lb","xhtml":"<var>d)</var> bance, pobočce zahraniční banky nebo spořitelnímu a úvěrnímu družstvu, které vedou osobě, vůči které se uplatňuje pravomoc podle <a data-odkaz-id=\"112987615\" href=\"#\"  class=\"int_odkaz\">odstavce 1</a>, přijímá opatření k nápravě nebo ukládá správní trest, nebo jinému účastníku řízení účet, aby nevyplácely peněžní prostředky z tohoto účtu, neprováděly na ně započtení ani jinak s nimi nenakládaly, nebo","souboroveDokumenty":null},{"fragmentId":614984485,"hloubka":5,"typ":"Pismeno_Lb","xhtml":"<var>e)</var> bance, pobočce zahraniční banky nebo spořitelnímu a úvěrnímu družstvu, které vedou účet, na který byly převedeny osobou, vůči které se uplatňuje pravomoc podle <a data-odkaz-id=\"112987621\" href=\"#\"  class=\"int_odkaz\">odstavce 1</a>, přijímá opatření k nápravě nebo ukládá správní trest, nebo jiným účastníkem řízení peněžní prostředky z jejich účtů, aby nevyplácely peněžní prostředky z tohoto účtu, neprováděly na ně započtení ani jinak s nimi nenakládaly.","souboroveDokumenty":null},{"fragmentId":614984487,"hloubka":3,"typ":"Paragraf","xhtml":"<var>§ 14</var>","souboroveDokumenty":null},{"fragmentId":614984489,"hloubka":4,"typ":"Nadpis_pod","xhtml":"Donucovací pokuta","souboroveDokumenty":null},{"fragmentId":614984491,"hloubka":4,"typ":"Odstavec_Dc","xhtml":"<var>(1)</var> Splnění opatření k nápravě podle <a data-odkaz-id=\"112987627\" href=\"#\"  class=\"int_odkaz\">§ 11</a> nebo povinnosti uložené podle <a data-odkaz-id=\"112987633\" href=\"#\"  class=\"int_odkaz\">§ 12</a> nebo <a data-odkaz-id=\"112987639\" href=\"#\"  class=\"int_odkaz\">13</a> vymáhá Česká národní banka postupným ukládáním donucovacích pokut.","souboroveDokumenty":null},{"fragmentId":614984493,"hloubka":4,"typ":"Odstavec_Dc","xhtml":"<var>(2)</var> Výše jednotlivé donucovací pokuty nesmí převýšit 5 000 000 Kč. Souhrnná výše donucovacích pokut nesmí převýšit 20 000 000 Kč.","souboroveDokumenty":null},{"fragmentId":614984495,"hloubka":4,"typ":"Odstavec_Dc","xhtml":"<var>(3)</var> Donucovací pokuty vybírá a vymáhá celní úřad. Příjem z donucovacích pokut je příjmem státního rozpočtu.","souboroveDokumenty":null},{"fragmentId":614984497,"hloubka":3,"typ":"Paragraf","xhtml":"<var>§ 15</var>","souboroveDokumenty":null},{"fragmentId":614984499,"hloubka":4,"typ":"Nadpis_pod","xhtml":"Opatření obecné povahy","souboroveDokumenty":null},{"fragmentId":614984501,"hloubka":4,"typ":"Odstavec_Dc","xhtml":"Česká národní banka může stanovit zákaz nebo omezení podle čl. 105 odst. 1 nařízení Evropského parlamentu a Rady (EU) <a class=\"linkeurule\" data-link=\"eurule\" data-cellarid=\"01d55833-0660-11ee-b12e-01aa75ed71a1\" href=\"http://eur-lex.europa.eu/legal-content/CS/AUTO/?uri=cellar:01d55833-0660-11ee-b12e-01aa75ed71a1\" data-author=\"http://publications.europa.eu/resource/authority/corporate-body/EP\" data-dts=\"3\" data-dtt=\"R\" data-dta=\"2023\" data-dtn=\"1114\" data-id_celex=\"32023R1114\" data-typeid=\"0\" data-flag=\"1\">2023/1114</a> opatřením obecné povahy.","souboroveDokumenty":null},{"fragmentId":614984503,"hloubka":3,"typ":"Paragraf","xhtml":"<var>§ 16</var>","souboroveDokumenty":null},{"fragmentId":614984505,"hloubka":4,"typ":"Nadpis_pod","xhtml":"Poskytování provozních a lokalizačních údajů","souboroveDokumenty":null},{"fragmentId":614984507,"hloubka":4,"typ":"Odstavec_Dc","xhtml":"<var>(1)</var> Osoba zajišťující veřejnou komunikační síť nebo poskytující veřejně dostupnou službu elektronických komunikací poskytne provozní a lokalizační údaje České národní bance na její žádost po předchozím písemném povolení předsedy senátu Vrchního soudu v Praze. Poskytnutí těchto údajů je možné pouze tehdy, jsou-li splněny podmínky podle čl. 50 odst. 4 písm. d) nařízení Evropského parlamentu a Rady (EU) <a class=\"linkeurule\" data-link=\"eurule\" data-cellarid=\"0caf473a-85bd-11ed-9887-01aa75ed71a1\" href=\"http://eur-lex.europa.eu/legal-content/CS/AUTO/?uri=cellar:0caf473a-85bd-11ed-9887-01aa75ed71a1\" data-author=\"http://publications.europa.eu/resource/authority/corporate-body/EP\" data-dts=\"3\" data-dtt=\"R\" data-dta=\"2022\" data-dtn=\"2554\" data-id_celex=\"32022R2554\" data-typeid=\"0\" data-flag=\"1\">2022/2554</a> nebo podle čl. 94 odst. 3 písm. e) nařízení Evropského parlamentu a Rady (EU) <a class=\"linkeurule\" data-link=\"eurule\" data-cellarid=\"01d55833-0660-11ee-b12e-01aa75ed71a1\" href=\"http://eur-lex.europa.eu/legal-content/CS/AUTO/?uri=cellar:01d55833-0660-11ee-b12e-01aa75ed71a1\" data-author=\"http://publications.europa.eu/resource/authority/corporate-body/EP\" data-dts=\"3\" data-dtt=\"R\" data-dta=\"2023\" data-dtn=\"1114\" data-id_celex=\"32023R1114\" data-typeid=\"0\" data-flag=\"1\">2023/1114</a>.","souboroveDokumenty":null},{"fragmentId":614984509,"hloubka":4,"typ":"Odstavec_Dc","xhtml":"<var>(2)</var> Osoba zajišťující veřejnou komunikační síť nebo poskytující veřejně dostupnou službu elektronických komunikací poskytne provozní a lokalizační údaje Evropskému orgánu pro bankovnictví<a data-odkaz-id=\"112987645\" href=\"#\"  class=\"int_odkaz\"><sup>2</sup>)</a>, Evropskému orgánu pro pojišťovnictví a zaměstnanecké penzijní pojištění<a data-odkaz-id=\"112987651\" href=\"#\"  class=\"int_odkaz\"><sup>3</sup>)</a> nebo Evropskému orgánu pro cenné papíry a trhy<a data-odkaz-id=\"112987657\" href=\"#\"  class=\"int_odkaz\"><sup>4</sup>)</a> na jejich žádost po předchozím písemném povolení předsedy senátu Vrchního soudu v Praze. Poskytnutí těchto údajů je možné pouze tehdy, jsou-li splněny podmínky podle čl. 38 nařízení Evropského parlamentu a Rady (EU) <a class=\"linkeurule\" data-link=\"eurule\" data-cellarid=\"0caf473a-85bd-11ed-9887-01aa75ed71a1\" href=\"http://eur-lex.europa.eu/legal-content/CS/AUTO/?uri=cellar:0caf473a-85bd-11ed-9887-01aa75ed71a1\" data-author=\"http://publications.europa.eu/resource/authority/corporate-body/EP\" data-dts=\"3\" data-dtt=\"R\" data-dta=\"2022\" data-dtn=\"2554\" data-id_celex=\"32022R2554\" data-typeid=\"0\" data-flag=\"1\">2022/2554</a> nebo podle čl. 123 odst. 6 a 7 nařízení Evropského parlamentu a Rady (EU) <a class=\"linkeurule\" data-link=\"eurule\" data-cellarid=\"01d55833-0660-11ee-b12e-01aa75ed71a1\" href=\"http://eur-lex.europa.eu/legal-content/CS/AUTO/?uri=cellar:01d55833-0660-11ee-b12e-01aa75ed71a1\" data-author=\"http://publications.europa.eu/resource/authority/corporate-body/EP\" data-dts=\"3\" data-dtt=\"R\" data-dta=\"2023\" data-dtn=\"1114\" data-id_celex=\"32023R1114\" data-typeid=\"0\" data-flag=\"1\">2023/1114</a>.","souboroveDokumenty":null},{"fragmentId":614984511,"hloubka":3,"typ":"Paragraf","xhtml":"<var>§ 17</var>","souboroveDokumenty":null},{"fragmentId":614984513,"hloubka":4,"typ":"Nadpis_pod","xhtml":"Seznamy","souboroveDokumenty":null},{"fragmentId":614984515,"hloubka":4,"typ":"Odstavec_Dc","xhtml":"<var>(1)</var> Česká národní banka vede v elektronické podobě seznam","souboroveDokumenty":null},{"fragmentId":614984517,"hloubka":5,"typ":"Pismeno_Lb","xhtml":"<var>a)</var> bílých knih týkajících se kryptoaktiv jiných než tokenů vázaných na aktiva a elektronických peněžních tokenů, které byly České národní bance oznámeny podle čl. 8 nařízení Evropského parlamentu a Rady (EU) <a class=\"linkeurule\" data-link=\"eurule\" data-cellarid=\"01d55833-0660-11ee-b12e-01aa75ed71a1\" href=\"http://eur-lex.europa.eu/legal-content/CS/AUTO/?uri=cellar:01d55833-0660-11ee-b12e-01aa75ed71a1\" data-author=\"http://publications.europa.eu/resource/authority/corporate-body/EP\" data-dts=\"3\" data-dtt=\"R\" data-dta=\"2023\" data-dtn=\"1114\" data-id_celex=\"32023R1114\" data-typeid=\"0\" data-flag=\"1\">2023/1114</a>,","souboroveDokumenty":null},{"fragmentId":614984519,"hloubka":5,"typ":"Pismeno_Lb","xhtml":"<var>b)</var> vydavatelů tokenů vázaných na aktiva, kterým udělila povolení k činnosti,","souboroveDokumenty":null},{"fragmentId":614984521,"hloubka":5,"typ":"Pismeno_Lb","xhtml":"<var>c)</var> vydavatelů tokenů vázaných na aktiva, kteří České národní bance oznámili záměr veřejně nabízet tokeny vázané na aktiva a splnili podmínky podle čl. 17 nařízení Evropského parlamentu a Rady (EU) <a class=\"linkeurule\" data-link=\"eurule\" data-cellarid=\"01d55833-0660-11ee-b12e-01aa75ed71a1\" href=\"http://eur-lex.europa.eu/legal-content/CS/AUTO/?uri=cellar:01d55833-0660-11ee-b12e-01aa75ed71a1\" data-author=\"http://publications.europa.eu/resource/authority/corporate-body/EP\" data-dts=\"3\" data-dtt=\"R\" data-dta=\"2023\" data-dtn=\"1114\" data-id_celex=\"32023R1114\" data-typeid=\"0\" data-flag=\"1\">2023/1114</a>,","souboroveDokumenty":null},{"fragmentId":614984523,"hloubka":5,"typ":"Pismeno_Lb","xhtml":"<var>d)</var> vydavatelů tokenů vázaných na aktiva se sídlem v jiném členském státě Evropské unie, kteří jsou oprávněni nabízet tokeny vázané na aktiva v České republice,","souboroveDokumenty":null},{"fragmentId":614984525,"hloubka":5,"typ":"Pismeno_Lb","xhtml":"<var>e)</var> vydavatelů elektronických peněžních tokenů, kteří České národní bance oznámili záměr veřejně nabízet elektronické peněžní tokeny a splnili podmínky podle čl. 48 odst. 1 nařízení Evropského parlamentu a Rady (EU) <a class=\"linkeurule\" data-link=\"eurule\" data-cellarid=\"01d55833-0660-11ee-b12e-01aa75ed71a1\" href=\"http://eur-lex.europa.eu/legal-content/CS/AUTO/?uri=cellar:01d55833-0660-11ee-b12e-01aa75ed71a1\" data-author=\"http://publications.europa.eu/resource/authority/corporate-body/EP\" data-dts=\"3\" data-dtt=\"R\" data-dta=\"2023\" data-dtn=\"1114\" data-id_celex=\"32023R1114\" data-typeid=\"0\" data-flag=\"1\">2023/1114</a>,","souboroveDokumenty":null},{"fragmentId":614984527,"hloubka":5,"typ":"Pismeno_Lb","xhtml":"<var>f)</var> vydavatelů elektronických peněžních tokenů, kteří jsou oprávněni veřejně nabízet elektronické peněžní tokeny v České republice,","souboroveDokumenty":null},{"fragmentId":614984529,"hloubka":5,"typ":"Pismeno_Lb","xhtml":"<var>g)</var> poskytovatelů služeb souvisejících s kryptoaktivy, kterým udělila povolení k činnosti,","souboroveDokumenty":null},{"fragmentId":614984531,"hloubka":5,"typ":"Pismeno_Lb","xhtml":"<var>h)</var> poskytovatelů služeb souvisejících s kryptoaktivy, kteří České národní bance oznámili záměr poskytovat služby související s kryptoaktivy a splnili podmínky podle čl. 60 nařízení Evropského parlamentu a Rady (EU) <a class=\"linkeurule\" data-link=\"eurule\" data-cellarid=\"01d55833-0660-11ee-b12e-01aa75ed71a1\" href=\"http://eur-lex.europa.eu/legal-content/CS/AUTO/?uri=cellar:01d55833-0660-11ee-b12e-01aa75ed71a1\" data-author=\"http://publications.europa.eu/resource/authority/corporate-body/EP\" data-dts=\"3\" data-dtt=\"R\" data-dta=\"2023\" data-dtn=\"1114\" data-id_celex=\"32023R1114\" data-typeid=\"0\" data-flag=\"1\">2023/1114</a>, a","souboroveDokumenty":null},{"fragmentId":614984533,"hloubka":5,"typ":"Pismeno_Lb","xhtml":"<var>i)</var> poskytovatelů služeb souvisejících s kryptoaktivy, kteří jsou oprávněni poskytovat služby související s kryptoaktivy v České republice.","souboroveDokumenty":null},{"fragmentId":614984535,"hloubka":4,"typ":"Odstavec_Dc","xhtml":"<var>(2)</var> Česká národní banka uveřejňuje seznamy podle <a data-odkaz-id=\"112987663\" href=\"#\"  class=\"int_odkaz\">odstavce 1</a> na svých internetových stránkách.","souboroveDokumenty":null},{"fragmentId":614984537,"hloubka":4,"typ":"Odstavec_Dc","xhtml":"<var>(3)</var> Dozví-li se Česká národní banka o změně údajů zapsaných v seznamech podle <a data-odkaz-id=\"112987669\" href=\"#\"  class=\"int_odkaz\">odstavce 1</a>, tyto seznamy bez zbytečného odkladu aktualizuje. V případě změn zůstávají trvale uveřejněny i předchozí údaje.","souboroveDokumenty":null},{"fragmentId":614984539,"hloubka":2,"typ":"Cast","xhtml":"<var>ČÁST ČTVRTÁ</var>","souboroveDokumenty":null},{"fragmentId":614984541,"hloubka":3,"typ":"Nadpis_pod","xhtml":"PŘESTUPKY","souboroveDokumenty":null},{"fragmentId":614984543,"hloubka":3,"typ":"Paragraf","xhtml":"<var>§ 18</var>","souboroveDokumenty":null},{"fragmentId":614984545,"hloubka":4,"typ":"Nadpis_pod","xhtml":"Přestupky finančního subjektu spočívající v porušení nařízení Evropské unie o digitální provozní odolnosti finančního sektoru","souboroveDokumenty":null},{"fragmentId":614984547,"hloubka":4,"typ":"Odstavec_Dc","xhtml":"<var>(1)</var> Finanční subjekt podle čl. 2 odst. 2 nařízení Evropského parlamentu a Rady (EU) <a class=\"linkeurule\" data-link=\"eurule\" data-cellarid=\"0caf473a-85bd-11ed-9887-01aa75ed71a1\" href=\"http://eur-lex.europa.eu/legal-content/CS/AUTO/?uri=cellar:0caf473a-85bd-11ed-9887-01aa75ed71a1\" data-author=\"http://publications.europa.eu/resource/authority/corporate-body/EP\" data-dts=\"3\" data-dtt=\"R\" data-dta=\"2022\" data-dtn=\"2554\" data-id_celex=\"32022R2554\" data-typeid=\"0\" data-flag=\"1\">2022/2554</a> se dopustí přestupku tím, že","souboroveDokumenty":null},{"fragmentId":614984549,"hloubka":5,"typ":"Pismeno_Lb","xhtml":"<var>a)</var> nesplní některou z povinností týkajících se rámce pro řízení rizika v oblasti informačních a komunikačních technologií podle čl. 6 nařízení Evropského parlamentu a Rady (EU) <a class=\"linkeurule\" data-link=\"eurule\" data-cellarid=\"0caf473a-85bd-11ed-9887-01aa75ed71a1\" href=\"http://eur-lex.europa.eu/legal-content/CS/AUTO/?uri=cellar:0caf473a-85bd-11ed-9887-01aa75ed71a1\" data-author=\"http://publications.europa.eu/resource/authority/corporate-body/EP\" data-dts=\"3\" data-dtt=\"R\" data-dta=\"2022\" data-dtn=\"2554\" data-id_celex=\"32022R2554\" data-typeid=\"0\" data-flag=\"1\">2022/2554</a>,","souboroveDokumenty":null},{"fragmentId":614984551,"hloubka":5,"typ":"Pismeno_Lb","xhtml":"<var>b)</var> nezavede politiku zachování provozu informačních a komunikačních technologií podle čl. 11 nařízení Evropského parlamentu a Rady (EU) <a class=\"linkeurule\" data-link=\"eurule\" data-cellarid=\"0caf473a-85bd-11ed-9887-01aa75ed71a1\" href=\"http://eur-lex.europa.eu/legal-content/CS/AUTO/?uri=cellar:0caf473a-85bd-11ed-9887-01aa75ed71a1\" data-author=\"http://publications.europa.eu/resource/authority/corporate-body/EP\" data-dts=\"3\" data-dtt=\"R\" data-dta=\"2022\" data-dtn=\"2554\" data-id_celex=\"32022R2554\" data-typeid=\"0\" data-flag=\"1\">2022/2554</a>,","souboroveDokumenty":null},{"fragmentId":614984553,"hloubka":5,"typ":"Pismeno_Lb","xhtml":"<var>c)</var> nesplní některou z povinností týkajících se politiky zachování provozu informačních a komunikačních technologií podle čl. 11 nařízení Evropského parlamentu a Rady (EU) <a class=\"linkeurule\" data-link=\"eurule\" data-cellarid=\"0caf473a-85bd-11ed-9887-01aa75ed71a1\" href=\"http://eur-lex.europa.eu/legal-content/CS/AUTO/?uri=cellar:0caf473a-85bd-11ed-9887-01aa75ed71a1\" data-author=\"http://publications.europa.eu/resource/authority/corporate-body/EP\" data-dts=\"3\" data-dtt=\"R\" data-dta=\"2022\" data-dtn=\"2554\" data-id_celex=\"32022R2554\" data-typeid=\"0\" data-flag=\"1\">2022/2554</a>,","souboroveDokumenty":null},{"fragmentId":614984555,"hloubka":5,"typ":"Pismeno_Lb","xhtml":"<var>d)</var> nesplní některou oznamovací povinnost podle čl. 19 nařízení Evropského parlamentu a Rady (EU) <a class=\"linkeurule\" data-link=\"eurule\" data-cellarid=\"0caf473a-85bd-11ed-9887-01aa75ed71a1\" href=\"http://eur-lex.europa.eu/legal-content/CS/AUTO/?uri=cellar:0caf473a-85bd-11ed-9887-01aa75ed71a1\" data-author=\"http://publications.europa.eu/resource/authority/corporate-body/EP\" data-dts=\"3\" data-dtt=\"R\" data-dta=\"2022\" data-dtn=\"2554\" data-id_celex=\"32022R2554\" data-typeid=\"0\" data-flag=\"1\">2022/2554</a>,","souboroveDokumenty":null},{"fragmentId":614984557,"hloubka":5,"typ":"Pismeno_Lb","xhtml":"<var>e)</var> nesplní některou z povinností týkajících se testování digitální odolnosti podle kapitoly IV nařízení Evropského parlamentu a Rady (EU) <a class=\"linkeurule\" data-link=\"eurule\" data-cellarid=\"0caf473a-85bd-11ed-9887-01aa75ed71a1\" href=\"http://eur-lex.europa.eu/legal-content/CS/AUTO/?uri=cellar:0caf473a-85bd-11ed-9887-01aa75ed71a1\" data-author=\"http://publications.europa.eu/resource/authority/corporate-body/EP\" data-dts=\"3\" data-dtt=\"R\" data-dta=\"2022\" data-dtn=\"2554\" data-id_celex=\"32022R2554\" data-typeid=\"0\" data-flag=\"1\">2022/2554</a>,","souboroveDokumenty":null},{"fragmentId":614984559,"hloubka":5,"typ":"Pismeno_Lb","xhtml":"<var>f)</var> nesplní některou z povinností týkajících se řízení rizika v oblasti informačních a komunikačních technologií spojeného s třetími stranami podle kapitoly V oddílu I nařízení Evropského parlamentu a Rady (EU) <a class=\"linkeurule\" data-link=\"eurule\" data-cellarid=\"0caf473a-85bd-11ed-9887-01aa75ed71a1\" href=\"http://eur-lex.europa.eu/legal-content/CS/AUTO/?uri=cellar:0caf473a-85bd-11ed-9887-01aa75ed71a1\" data-author=\"http://publications.europa.eu/resource/authority/corporate-body/EP\" data-dts=\"3\" data-dtt=\"R\" data-dta=\"2022\" data-dtn=\"2554\" data-id_celex=\"32022R2554\" data-typeid=\"0\" data-flag=\"1\">2022/2554</a>,","souboroveDokumenty":null},{"fragmentId":614984561,"hloubka":5,"typ":"Pismeno_Lb","xhtml":"<var>g)</var> nesplní některou z povinností týkajících se řízení rizika v oblasti informačních a komunikačních technologií podle čl. 5, 7 až 10, 12 až 14 nebo 16 nařízení Evropského parlamentu a Rady (EU) <a class=\"linkeurule\" data-link=\"eurule\" data-cellarid=\"0caf473a-85bd-11ed-9887-01aa75ed71a1\" href=\"http://eur-lex.europa.eu/legal-content/CS/AUTO/?uri=cellar:0caf473a-85bd-11ed-9887-01aa75ed71a1\" data-author=\"http://publications.europa.eu/resource/authority/corporate-body/EP\" data-dts=\"3\" data-dtt=\"R\" data-dta=\"2022\" data-dtn=\"2554\" data-id_celex=\"32022R2554\" data-typeid=\"0\" data-flag=\"1\">2022/2554</a>,","souboroveDokumenty":null},{"fragmentId":614984563,"hloubka":5,"typ":"Pismeno_Lb","xhtml":"<var>h)</var> nesplní některou z povinností týkajících se procesu řízení incidentů souvisejících s informačními a komunikačními technologiemi podle čl. 17 nařízení Evropského parlamentu a Rady (EU) <a class=\"linkeurule\" data-link=\"eurule\" data-cellarid=\"0caf473a-85bd-11ed-9887-01aa75ed71a1\" href=\"http://eur-lex.europa.eu/legal-content/CS/AUTO/?uri=cellar:0caf473a-85bd-11ed-9887-01aa75ed71a1\" data-author=\"http://publications.europa.eu/resource/authority/corporate-body/EP\" data-dts=\"3\" data-dtt=\"R\" data-dta=\"2022\" data-dtn=\"2554\" data-id_celex=\"32022R2554\" data-typeid=\"0\" data-flag=\"1\">2022/2554</a>,","souboroveDokumenty":null},{"fragmentId":614984565,"hloubka":5,"typ":"Pismeno_Lb","xhtml":"<var>i)</var> nesplní některou z povinností týkajících se klasifikace incidentů souvisejících s informačními a komunikačními technologiemi a kybernetických hrozeb podle čl. 18 nařízení Evropského parlamentu a Rady (EU) <a class=\"linkeurule\" data-link=\"eurule\" data-cellarid=\"0caf473a-85bd-11ed-9887-01aa75ed71a1\" href=\"http://eur-lex.europa.eu/legal-content/CS/AUTO/?uri=cellar:0caf473a-85bd-11ed-9887-01aa75ed71a1\" data-author=\"http://publications.europa.eu/resource/authority/corporate-body/EP\" data-dts=\"3\" data-dtt=\"R\" data-dta=\"2022\" data-dtn=\"2554\" data-id_celex=\"32022R2554\" data-typeid=\"0\" data-flag=\"1\">2022/2554</a>,","souboroveDokumenty":null},{"fragmentId":614984567,"hloubka":5,"typ":"Pismeno_Lb","xhtml":"<var>j)</var> poruší povinnost uloženou rozhodnutím přijatým na základě čl. 42 odst. 6 nařízení Evropského parlamentu a Rady (EU) <a class=\"linkeurule\" data-link=\"eurule\" data-cellarid=\"0caf473a-85bd-11ed-9887-01aa75ed71a1\" href=\"http://eur-lex.europa.eu/legal-content/CS/AUTO/?uri=cellar:0caf473a-85bd-11ed-9887-01aa75ed71a1\" data-author=\"http://publications.europa.eu/resource/authority/corporate-body/EP\" data-dts=\"3\" data-dtt=\"R\" data-dta=\"2022\" data-dtn=\"2554\" data-id_celex=\"32022R2554\" data-typeid=\"0\" data-flag=\"1\">2022/2554</a>,","souboroveDokumenty":null},{"fragmentId":614984569,"hloubka":5,"typ":"Pismeno_Lb","xhtml":"<var>k)</var> nesplní oznamovací povinnost podle čl. 45 odst. 3 nařízení Evropského parlamentu a Rady (EU) <a class=\"linkeurule\" data-link=\"eurule\" data-cellarid=\"0caf473a-85bd-11ed-9887-01aa75ed71a1\" href=\"http://eur-lex.europa.eu/legal-content/CS/AUTO/?uri=cellar:0caf473a-85bd-11ed-9887-01aa75ed71a1\" data-author=\"http://publications.europa.eu/resource/authority/corporate-body/EP\" data-dts=\"3\" data-dtt=\"R\" data-dta=\"2022\" data-dtn=\"2554\" data-id_celex=\"32022R2554\" data-typeid=\"0\" data-flag=\"1\">2022/2554</a>, nebo","souboroveDokumenty":null},{"fragmentId":614984571,"hloubka":5,"typ":"Pismeno_Lb","xhtml":"<var>l)</var> neposkytne České národní bance požadovanou součinnost při výkonu dohledu prováděného podle čl. 50 odst. 2 nařízení Evropského parlamentu a Rady (EU) <a class=\"linkeurule\" data-link=\"eurule\" data-cellarid=\"0caf473a-85bd-11ed-9887-01aa75ed71a1\" href=\"http://eur-lex.europa.eu/legal-content/CS/AUTO/?uri=cellar:0caf473a-85bd-11ed-9887-01aa75ed71a1\" data-author=\"http://publications.europa.eu/resource/authority/corporate-body/EP\" data-dts=\"3\" data-dtt=\"R\" data-dta=\"2022\" data-dtn=\"2554\" data-id_celex=\"32022R2554\" data-typeid=\"0\" data-flag=\"1\">2022/2554</a>.","souboroveDokumenty":null},{"fragmentId":614984573,"hloubka":4,"typ":"Odstavec_Dc","xhtml":"<var>(2)</var> Za přestupek lze uložit pokutu do","souboroveDokumenty":null},{"fragmentId":614984575,"hloubka":5,"typ":"Pismeno_Lb","xhtml":"<var>a)</var> 10 000 000 Kč, jde-li o přestupek podle <a data-odkaz-id=\"112987675\" href=\"#\"  class=\"int_odkaz\">odstavce 1 písm. k)</a> nebo <a data-odkaz-id=\"112987681\" href=\"#\"  class=\"int_odkaz\">l)</a>,","souboroveDokumenty":null},{"fragmentId":614984577,"hloubka":5,"typ":"Pismeno_Lb","xhtml":"<var>b)</var> 20 000 000 Kč, jde-li o přestupek podle <a data-odkaz-id=\"112987687\" href=\"#\"  class=\"int_odkaz\">odstavce 1 písm. g) až j)</a>, nebo","souboroveDokumenty":null},{"fragmentId":614984579,"hloubka":5,"typ":"Pismeno_Lb","xhtml":"<var>c)</var> 50 000 000 Kč, jde-li o přestupek podle <a data-odkaz-id=\"112987693\" href=\"#\"  class=\"int_odkaz\">odstavce 1 písm. a) až f)</a>.","souboroveDokumenty":null},{"fragmentId":614984581,"hloubka":4,"typ":"Odstavec_Dc","xhtml":"<var>(3)</var> Za přestupek podle <a data-odkaz-id=\"112987699\" href=\"#\"  class=\"int_odkaz\">odstavce 1</a> lze uložit zveřejnění rozhodnutí o přestupku.","souboroveDokumenty":null},{"fragmentId":614984583,"hloubka":3,"typ":"Paragraf","xhtml":"<var>§ 19</var>","souboroveDokumenty":null},{"fragmentId":614984585,"hloubka":4,"typ":"Nadpis_pod","xhtml":"Přestupky poskytovatele služeb informačních a komunikačních technologií z řad třetích stran a kritického poskytovatele služeb informačních a komunikačních technologií z řad třetích stran","souboroveDokumenty":null},{"fragmentId":614984587,"hloubka":4,"typ":"Odstavec_Dc","xhtml":"<var>(1)</var> Poskytovatel služeb informačních a komunikačních technologií z řad třetích stran podle čl. 3 bodu 19 nařízení Evropského parlamentu a Rady (EU) <a class=\"linkeurule\" data-link=\"eurule\" data-cellarid=\"0caf473a-85bd-11ed-9887-01aa75ed71a1\" href=\"http://eur-lex.europa.eu/legal-content/CS/AUTO/?uri=cellar:0caf473a-85bd-11ed-9887-01aa75ed71a1\" data-author=\"http://publications.europa.eu/resource/authority/corporate-body/EP\" data-dts=\"3\" data-dtt=\"R\" data-dta=\"2022\" data-dtn=\"2554\" data-id_celex=\"32022R2554\" data-typeid=\"0\" data-flag=\"1\">2022/2554</a> se dopustí přestupku tím, že neposkytne České národní bance požadovanou součinnost při výkonu dohledu prováděného podle čl. 50 odst. 2 nařízení Evropského parlamentu a Rady (EU) <a class=\"linkeurule\" data-link=\"eurule\" data-cellarid=\"0caf473a-85bd-11ed-9887-01aa75ed71a1\" href=\"http://eur-lex.europa.eu/legal-content/CS/AUTO/?uri=cellar:0caf473a-85bd-11ed-9887-01aa75ed71a1\" data-author=\"http://publications.europa.eu/resource/authority/corporate-body/EP\" data-dts=\"3\" data-dtt=\"R\" data-dta=\"2022\" data-dtn=\"2554\" data-id_celex=\"32022R2554\" data-typeid=\"0\" data-flag=\"1\">2022/2554</a>.","souboroveDokumenty":null},{"fragmentId":614984589,"hloubka":4,"typ":"Odstavec_Dc","xhtml":"<var>(2)</var> Kritický poskytovatel služeb informačních a komunikačních technologií z řad třetích stran podle čl. 3 bodu 23 nařízení Evropského parlamentu a Rady (EU) <a class=\"linkeurule\" data-link=\"eurule\" data-cellarid=\"0caf473a-85bd-11ed-9887-01aa75ed71a1\" href=\"http://eur-lex.europa.eu/legal-content/CS/AUTO/?uri=cellar:0caf473a-85bd-11ed-9887-01aa75ed71a1\" data-author=\"http://publications.europa.eu/resource/authority/corporate-body/EP\" data-dts=\"3\" data-dtt=\"R\" data-dta=\"2022\" data-dtn=\"2554\" data-id_celex=\"32022R2554\" data-typeid=\"0\" data-flag=\"1\">2022/2554</a> se dopustí přestupku tím, že","souboroveDokumenty":null},{"fragmentId":614984591,"hloubka":5,"typ":"Pismeno_Lb","xhtml":"<var>a)</var> neposkytne hlavnímu orgánu dohledu požadovanou součinnost podle čl. 37 odst. 4, čl. 38 odst. 4 nebo čl. 39 odst. 6 nařízení Evropského parlamentu a Rady (EU) <a class=\"linkeurule\" data-link=\"eurule\" data-cellarid=\"0caf473a-85bd-11ed-9887-01aa75ed71a1\" href=\"http://eur-lex.europa.eu/legal-content/CS/AUTO/?uri=cellar:0caf473a-85bd-11ed-9887-01aa75ed71a1\" data-author=\"http://publications.europa.eu/resource/authority/corporate-body/EP\" data-dts=\"3\" data-dtt=\"R\" data-dta=\"2022\" data-dtn=\"2554\" data-id_celex=\"32022R2554\" data-typeid=\"0\" data-flag=\"1\">2022/2554</a>, nebo","souboroveDokumenty":null},{"fragmentId":614984593,"hloubka":5,"typ":"Pismeno_Lb","xhtml":"<var>b)</var> neposkytne České národní bance požadovanou součinnost při výkonu dohledu prováděného podle čl. 50 odst. 2 nařízení Evropského parlamentu a Rady (EU) <a class=\"linkeurule\" data-link=\"eurule\" data-cellarid=\"0caf473a-85bd-11ed-9887-01aa75ed71a1\" href=\"http://eur-lex.europa.eu/legal-content/CS/AUTO/?uri=cellar:0caf473a-85bd-11ed-9887-01aa75ed71a1\" data-author=\"http://publications.europa.eu/resource/authority/corporate-body/EP\" data-dts=\"3\" data-dtt=\"R\" data-dta=\"2022\" data-dtn=\"2554\" data-id_celex=\"32022R2554\" data-typeid=\"0\" data-flag=\"1\">2022/2554</a>.","souboroveDokumenty":null},{"fragmentId":614984595,"hloubka":4,"typ":"Odstavec_Dc","xhtml":"<var>(3)</var> Za přestupek lze uložit pokutu do","souboroveDokumenty":null},{"fragmentId":614984597,"hloubka":5,"typ":"Pismeno_Lb","xhtml":"<var>a)</var> 10 000 000 Kč, jde-li o přestupek podle <a data-odkaz-id=\"112987705\" href=\"#\"  class=\"int_odkaz\">odstavce 1</a>, nebo","souboroveDokumenty":null},{"fragmentId":614984599,"hloubka":5,"typ":"Pismeno_Lb","xhtml":"<var>b)</var> 20 000 000 Kč, jde-li o přestupek podle <a data-odkaz-id=\"112987711\" href=\"#\"  class=\"int_odkaz\">odstavce 2</a>.","souboroveDokumenty":null},{"fragmentId":614984601,"hloubka":4,"typ":"Odstavec_Dc","xhtml":"<var>(4)</var> Za přestupek podle <a data-odkaz-id=\"112987717\" href=\"#\"  class=\"int_odkaz\">odstavce 1</a> nebo <a data-odkaz-id=\"112987723\" href=\"#\"  class=\"int_odkaz\">2</a> lze uložit zveřejnění rozhodnutí o přestupku.","souboroveDokumenty":null},{"fragmentId":614984603,"hloubka":3,"typ":"Paragraf","xhtml":"<var>§ 20</var>","souboroveDokumenty":null},{"fragmentId":614984605,"hloubka":4,"typ":"Nadpis_pod","xhtml":"Přestupky fyzických a podnikajících fyzických osob spočívající v porušení nařízení Evropské unie o trzích kryptoaktiv","souboroveDokumenty":null},{"fragmentId":614984607,"hloubka":4,"typ":"Odstavec_Dc","xhtml":"<var>(1)</var> Fyzická nebo podnikající fyzická osoba se dopustí přestupku tím, že","souboroveDokumenty":null},{"fragmentId":614984609,"hloubka":5,"typ":"Pismeno_Lb","xhtml":"<var>a)</var> veřejně nabízí kryptoaktivum jiné než token vázaný na aktiva nebo elektronický peněžní token, aniž by splňovala podmínky podle čl. 4 odst. 1 nařízení Evropského parlamentu a Rady (EU) <a class=\"linkeurule\" data-link=\"eurule\" data-cellarid=\"01d55833-0660-11ee-b12e-01aa75ed71a1\" href=\"http://eur-lex.europa.eu/legal-content/CS/AUTO/?uri=cellar:01d55833-0660-11ee-b12e-01aa75ed71a1\" data-author=\"http://publications.europa.eu/resource/authority/corporate-body/EP\" data-dts=\"3\" data-dtt=\"R\" data-dta=\"2023\" data-dtn=\"1114\" data-id_celex=\"32023R1114\" data-typeid=\"0\" data-flag=\"1\">2023/1114</a>,","souboroveDokumenty":null},{"fragmentId":614984611,"hloubka":5,"typ":"Pismeno_Lb","xhtml":"<var>b)</var> požádá o přijetí kryptoaktiva jiného než tokenu vázaného na aktiva nebo elektronického peněžního tokenu k obchodování, aniž by splňovala podmínky podle čl. 5 odst. 1 nařízení Evropského parlamentu a Rady (EU) <a class=\"linkeurule\" data-link=\"eurule\" data-cellarid=\"01d55833-0660-11ee-b12e-01aa75ed71a1\" href=\"http://eur-lex.europa.eu/legal-content/CS/AUTO/?uri=cellar:01d55833-0660-11ee-b12e-01aa75ed71a1\" data-author=\"http://publications.europa.eu/resource/authority/corporate-body/EP\" data-dts=\"3\" data-dtt=\"R\" data-dta=\"2023\" data-dtn=\"1114\" data-id_celex=\"32023R1114\" data-typeid=\"0\" data-flag=\"1\">2023/1114</a>,","souboroveDokumenty":null},{"fragmentId":614984613,"hloubka":5,"typ":"Pismeno_Lb","xhtml":"<var>c)</var> poskytuje služby související s kryptoaktivy, aniž by k tomu byla oprávněna podle čl. 59 odst. 1 nařízení Evropského parlamentu a Rady (EU) <a class=\"linkeurule\" data-link=\"eurule\" data-cellarid=\"01d55833-0660-11ee-b12e-01aa75ed71a1\" href=\"http://eur-lex.europa.eu/legal-content/CS/AUTO/?uri=cellar:01d55833-0660-11ee-b12e-01aa75ed71a1\" data-author=\"http://publications.europa.eu/resource/authority/corporate-body/EP\" data-dts=\"3\" data-dtt=\"R\" data-dta=\"2023\" data-dtn=\"1114\" data-id_celex=\"32023R1114\" data-typeid=\"0\" data-flag=\"1\">2023/1114</a>,","souboroveDokumenty":null},{"fragmentId":614984615,"hloubka":5,"typ":"Pismeno_Lb","xhtml":"<var>d)</var> nesplní některou z povinností při nabývání, zvyšování a pozbývání kvalifikované účasti na poskytovateli služeb souvisejících s kryptoaktivy podle čl. 83 odst. 1 nebo 2 nařízení Evropského parlamentu a Rady (EU) <a class=\"linkeurule\" data-link=\"eurule\" data-cellarid=\"01d55833-0660-11ee-b12e-01aa75ed71a1\" href=\"http://eur-lex.europa.eu/legal-content/CS/AUTO/?uri=cellar:01d55833-0660-11ee-b12e-01aa75ed71a1\" data-author=\"http://publications.europa.eu/resource/authority/corporate-body/EP\" data-dts=\"3\" data-dtt=\"R\" data-dta=\"2023\" data-dtn=\"1114\" data-id_celex=\"32023R1114\" data-typeid=\"0\" data-flag=\"1\">2023/1114</a>,","souboroveDokumenty":null},{"fragmentId":614984617,"hloubka":5,"typ":"Pismeno_Lb","xhtml":"<var>e)</var> nesplní některou z povinností týkajících se zveřejňování vnitřních informací podle čl. 88 nařízení Evropského parlamentu a Rady (EU) <a class=\"linkeurule\" data-link=\"eurule\" data-cellarid=\"01d55833-0660-11ee-b12e-01aa75ed71a1\" href=\"http://eur-lex.europa.eu/legal-content/CS/AUTO/?uri=cellar:01d55833-0660-11ee-b12e-01aa75ed71a1\" data-author=\"http://publications.europa.eu/resource/authority/corporate-body/EP\" data-dts=\"3\" data-dtt=\"R\" data-dta=\"2023\" data-dtn=\"1114\" data-id_celex=\"32023R1114\" data-typeid=\"0\" data-flag=\"1\">2023/1114</a>, nebo","souboroveDokumenty":null},{"fragmentId":614984619,"hloubka":5,"typ":"Pismeno_Lb","xhtml":"<var>f)</var> nesplní některou z povinností týkajících se předcházení a zákazu zneužívání trhu zahrnujícího kryptoaktiva podle čl. 89 až 92 nařízení Evropského parlamentu a Rady (EU) <a class=\"linkeurule\" data-link=\"eurule\" data-cellarid=\"01d55833-0660-11ee-b12e-01aa75ed71a1\" href=\"http://eur-lex.europa.eu/legal-content/CS/AUTO/?uri=cellar:01d55833-0660-11ee-b12e-01aa75ed71a1\" data-author=\"http://publications.europa.eu/resource/authority/corporate-body/EP\" data-dts=\"3\" data-dtt=\"R\" data-dta=\"2023\" data-dtn=\"1114\" data-id_celex=\"32023R1114\" data-typeid=\"0\" data-flag=\"1\">2023/1114</a>.","souboroveDokumenty":null},{"fragmentId":614984621,"hloubka":4,"typ":"Odstavec_Dc","xhtml":"<var>(2)</var> Za přestupek podle <a data-odkaz-id=\"112987729\" href=\"#\"  class=\"int_odkaz\">odstavce 1 písm. a) až c)</a> lze uložit pokutu do","souboroveDokumenty":null},{"fragmentId":614984623,"hloubka":5,"typ":"Pismeno_Lb","xhtml":"<var>a)</var> 16 587 000 Kč, nebo","souboroveDokumenty":null},{"fragmentId":614984625,"hloubka":5,"typ":"Pismeno_Lb","xhtml":"<var>b)</var> výše dvojnásobku neoprávněného prospěchu získaného spácháním tohoto přestupku, je-li možné výši neoprávněného prospěchu zjistit a přesahuje-li tato částka částku podle <a data-odkaz-id=\"112987735\" href=\"#\"  class=\"int_odkaz\">písmene a)</a>.","souboroveDokumenty":null},{"fragmentId":614984627,"hloubka":4,"typ":"Odstavec_Dc","xhtml":"<var>(3)</var> Za přestupek podle <a data-odkaz-id=\"112987741\" href=\"#\"  class=\"int_odkaz\">odstavce 1 písm. e)</a> lze uložit pokutu do","souboroveDokumenty":null},{"fragmentId":614984629,"hloubka":5,"typ":"Pismeno_Lb","xhtml":"<var>a)</var> 23 695 000 Kč, nebo","souboroveDokumenty":null},{"fragmentId":614984631,"hloubka":5,"typ":"Pismeno_Lb","xhtml":"<var>b)</var> výše trojnásobku neoprávněného prospěchu získaného spácháním tohoto přestupku, je-li možné výši neoprávněného prospěchu zjistit a přesahuje-li tato částka částku podle <a data-odkaz-id=\"112987747\" href=\"#\"  class=\"int_odkaz\">písmene a)</a>.","souboroveDokumenty":null},{"fragmentId":614984633,"hloubka":4,"typ":"Odstavec_Dc","xhtml":"<var>(4)</var> Za přestupek podle <a data-odkaz-id=\"112987753\" href=\"#\"  class=\"int_odkaz\">odstavce 1 písm. f)</a> lze uložit pokutu do","souboroveDokumenty":null},{"fragmentId":614984635,"hloubka":5,"typ":"Pismeno_Lb","xhtml":"<var>a)</var> 118 475 000 Kč, nebo","souboroveDokumenty":null},{"fragmentId":614984637,"hloubka":5,"typ":"Pismeno_Lb","xhtml":"<var>b)</var> výše trojnásobku neoprávněného prospěchu získaného spácháním tohoto přestupku, je-li možné výši neoprávněného prospěchu zjistit a přesahuje-li tato částka částku podle <a data-odkaz-id=\"112987759\" href=\"#\"  class=\"int_odkaz\">písmene a)</a>.","souboroveDokumenty":null},{"fragmentId":614984639,"hloubka":4,"typ":"Odstavec_Dc","xhtml":"<var>(5)</var> Za přestupek podle <a data-odkaz-id=\"112987765\" href=\"#\"  class=\"int_odkaz\">odstavce 1 písm. d)</a> lze uložit pokutu do 10 000 000 Kč.","souboroveDokumenty":null},{"fragmentId":614984641,"hloubka":4,"typ":"Odstavec_Dc","xhtml":"<var>(6)</var> Za přestupek podle <a data-odkaz-id=\"112987771\" href=\"#\"  class=\"int_odkaz\">odstavce 1</a> lze uložit zveřejnění rozhodnutí o přestupku.","souboroveDokumenty":null},{"fragmentId":614984643,"hloubka":3,"typ":"Paragraf","xhtml":"<var>§ 21</var>","souboroveDokumenty":null},{"fragmentId":614984645,"hloubka":4,"typ":"Nadpis_pod","xhtml":"Další přestupky fyzických a podnikajících fyzických osob spočívající v porušení nařízení Evropské unie o trzích kryptoaktiv","souboroveDokumenty":null},{"fragmentId":614984647,"hloubka":4,"typ":"Odstavec_Dc","xhtml":"<var>(1)</var> Fyzická nebo podnikající fyzická osoba se dopustí přestupku tím, že","souboroveDokumenty":null},{"fragmentId":614984649,"hloubka":5,"typ":"Pismeno_Lb","xhtml":"<var>a)</var> veřejně nabízí token vázaný na aktiva nebo požádá o jeho přijetí k obchodování, aniž by k tomu byla oprávněna podle čl. 16 odst. 1 nařízení Evropského parlamentu a Rady (EU) <a class=\"linkeurule\" data-link=\"eurule\" data-cellarid=\"01d55833-0660-11ee-b12e-01aa75ed71a1\" href=\"http://eur-lex.europa.eu/legal-content/CS/AUTO/?uri=cellar:01d55833-0660-11ee-b12e-01aa75ed71a1\" data-author=\"http://publications.europa.eu/resource/authority/corporate-body/EP\" data-dts=\"3\" data-dtt=\"R\" data-dta=\"2023\" data-dtn=\"1114\" data-id_celex=\"32023R1114\" data-typeid=\"0\" data-flag=\"1\">2023/1114</a>,","souboroveDokumenty":null},{"fragmentId":614984651,"hloubka":5,"typ":"Pismeno_Lb","xhtml":"<var>b)</var> nesplní některou z povinností při nabývání, zvyšování a pozbývání kvalifikované účasti na vydavateli tokenu vázaného na aktiva podle čl. 41 odst. 1 nebo 2 nařízení Evropského parlamentu a Rady (EU) <a class=\"linkeurule\" data-link=\"eurule\" data-cellarid=\"01d55833-0660-11ee-b12e-01aa75ed71a1\" href=\"http://eur-lex.europa.eu/legal-content/CS/AUTO/?uri=cellar:01d55833-0660-11ee-b12e-01aa75ed71a1\" data-author=\"http://publications.europa.eu/resource/authority/corporate-body/EP\" data-dts=\"3\" data-dtt=\"R\" data-dta=\"2023\" data-dtn=\"1114\" data-id_celex=\"32023R1114\" data-typeid=\"0\" data-flag=\"1\">2023/1114</a>,","souboroveDokumenty":null},{"fragmentId":614984653,"hloubka":5,"typ":"Pismeno_Lb","xhtml":"<var>c)</var> veřejně nabízí elektronický peněžní token nebo požádá o jeho přijetí k obchodování, aniž by k tomu byla oprávněna podle čl. 48 odst. 1 nařízení Evropského parlamentu a Rady (EU) <a class=\"linkeurule\" data-link=\"eurule\" data-cellarid=\"01d55833-0660-11ee-b12e-01aa75ed71a1\" href=\"http://eur-lex.europa.eu/legal-content/CS/AUTO/?uri=cellar:01d55833-0660-11ee-b12e-01aa75ed71a1\" data-author=\"http://publications.europa.eu/resource/authority/corporate-body/EP\" data-dts=\"3\" data-dtt=\"R\" data-dta=\"2023\" data-dtn=\"1114\" data-id_celex=\"32023R1114\" data-typeid=\"0\" data-flag=\"1\">2023/1114</a>,","souboroveDokumenty":null},{"fragmentId":614984655,"hloubka":5,"typ":"Pismeno_Lb","xhtml":"<var>d)</var> neposkytne České národní bance požadovanou součinnost při výkonu dohledu prováděného podle čl. 94 odst. 3 nařízení Evropského parlamentu a Rady (EU) <a class=\"linkeurule\" data-link=\"eurule\" data-cellarid=\"01d55833-0660-11ee-b12e-01aa75ed71a1\" href=\"http://eur-lex.europa.eu/legal-content/CS/AUTO/?uri=cellar:01d55833-0660-11ee-b12e-01aa75ed71a1\" data-author=\"http://publications.europa.eu/resource/authority/corporate-body/EP\" data-dts=\"3\" data-dtt=\"R\" data-dta=\"2023\" data-dtn=\"1114\" data-id_celex=\"32023R1114\" data-typeid=\"0\" data-flag=\"1\">2023/1114</a>, nebo","souboroveDokumenty":null},{"fragmentId":614984657,"hloubka":5,"typ":"Pismeno_Lb","xhtml":"<var>e)</var> poruší některé z opatření přijatých podle čl. 103 až 105 nařízení Evropského parlamentu a Rady (EU) <a class=\"linkeurule\" data-link=\"eurule\" data-cellarid=\"01d55833-0660-11ee-b12e-01aa75ed71a1\" href=\"http://eur-lex.europa.eu/legal-content/CS/AUTO/?uri=cellar:01d55833-0660-11ee-b12e-01aa75ed71a1\" data-author=\"http://publications.europa.eu/resource/authority/corporate-body/EP\" data-dts=\"3\" data-dtt=\"R\" data-dta=\"2023\" data-dtn=\"1114\" data-id_celex=\"32023R1114\" data-typeid=\"0\" data-flag=\"1\">2023/1114</a>.","souboroveDokumenty":null},{"fragmentId":614984659,"hloubka":4,"typ":"Odstavec_Dc","xhtml":"<var>(2)</var> Za přestupek podle <a data-odkaz-id=\"112987777\" href=\"#\"  class=\"int_odkaz\">odstavce 1 písm. a)</a> nebo <a data-odkaz-id=\"112987783\" href=\"#\"  class=\"int_odkaz\">c)</a> lze uložit pokutu do","souboroveDokumenty":null},{"fragmentId":614984661,"hloubka":5,"typ":"Pismeno_Lb","xhtml":"<var>a)</var> 16 587 000 Kč, nebo","souboroveDokumenty":null},{"fragmentId":614984663,"hloubka":5,"typ":"Pismeno_Lb","xhtml":"<var>b)</var> výše dvojnásobku neoprávněného prospěchu získaného spácháním tohoto přestupku, je-li možné výši neoprávněného prospěchu zjistit a přesahuje-li tato částka částku podle <a data-odkaz-id=\"112987789\" href=\"#\"  class=\"int_odkaz\">písmene a)</a>.","souboroveDokumenty":null},{"fragmentId":614984665,"hloubka":4,"typ":"Odstavec_Dc","xhtml":"<var>(3)</var> Za přestupek lze uložit pokutu do","souboroveDokumenty":null},{"fragmentId":614984667,"hloubka":5,"typ":"Pismeno_Lb","xhtml":"<var>a)</var> 10 000 000 Kč, jde-li o přestupek podle <a data-odkaz-id=\"112987795\" href=\"#\"  class=\"int_odkaz\">odstavce 1 písm. b)</a> nebo <a data-odkaz-id=\"112987801\" href=\"#\"  class=\"int_odkaz\">d)</a>, nebo","souboroveDokumenty":null},{"fragmentId":614984669,"hloubka":5,"typ":"Pismeno_Lb","xhtml":"<var>b)</var> 20 000 000 Kč, jde-li o přestupek podle <a data-odkaz-id=\"112987807\" href=\"#\"  class=\"int_odkaz\">odstavce 1 písm. e)</a>.","souboroveDokumenty":null},{"fragmentId":614984671,"hloubka":4,"typ":"Odstavec_Dc","xhtml":"<var>(4)</var> Za přestupek podle <a data-odkaz-id=\"112987537\" href=\"#\"  class=\"int_odkaz\">odstavce 1 písm. a) až c)</a> lze uložit zveřejnění rozhodnutí o přestupku.","souboroveDokumenty":null},{"fragmentId":614984673,"hloubka":3,"typ":"Paragraf","xhtml":"<var>§ 22</var>","souboroveDokumenty":null},{"fragmentId":614984675,"hloubka":4,"typ":"Nadpis_pod","xhtml":"Přestupky právnických osob spočívající v porušení nařízení Evropské unie o trzích kryptoaktiv","souboroveDokumenty":null},{"fragmentId":614984677,"hloubka":4,"typ":"Odstavec_Dc","xhtml":"<var>(1)</var> Právnická osoba se dopustí přestupku tím, že nesplní některou z povinností týkajících se","souboroveDokumenty":null},{"fragmentId":614984679,"hloubka":5,"typ":"Pismeno_Lb","xhtml":"<var>a)</var> kryptoaktiv jiných než tokenů vázaných na aktiva nebo elektronických peněžních tokenů podle čl. 4 až 14 nařízení Evropského parlamentu a Rady (EU) <a class=\"linkeurule\" data-link=\"eurule\" data-cellarid=\"01d55833-0660-11ee-b12e-01aa75ed71a1\" href=\"http://eur-lex.europa.eu/legal-content/CS/AUTO/?uri=cellar:01d55833-0660-11ee-b12e-01aa75ed71a1\" data-author=\"http://publications.europa.eu/resource/authority/corporate-body/EP\" data-dts=\"3\" data-dtt=\"R\" data-dta=\"2023\" data-dtn=\"1114\" data-id_celex=\"32023R1114\" data-typeid=\"0\" data-flag=\"1\">2023/1114</a>,","souboroveDokumenty":null},{"fragmentId":614984681,"hloubka":5,"typ":"Pismeno_Lb","xhtml":"<var>b)</var> udělení povolení a výkonu činnosti poskytovatele služeb souvisejících s kryptoaktivy podle čl. 59, 60 nebo 64 až 83 nařízení Evropského parlamentu a Rady (EU) <a class=\"linkeurule\" data-link=\"eurule\" data-cellarid=\"01d55833-0660-11ee-b12e-01aa75ed71a1\" href=\"http://eur-lex.europa.eu/legal-content/CS/AUTO/?uri=cellar:01d55833-0660-11ee-b12e-01aa75ed71a1\" data-author=\"http://publications.europa.eu/resource/authority/corporate-body/EP\" data-dts=\"3\" data-dtt=\"R\" data-dta=\"2023\" data-dtn=\"1114\" data-id_celex=\"32023R1114\" data-typeid=\"0\" data-flag=\"1\">2023/1114</a>,","souboroveDokumenty":null},{"fragmentId":614984683,"hloubka":5,"typ":"Pismeno_Lb","xhtml":"<var>c)</var> zveřejňování vnitřních informací podle čl. 88 nařízení Evropského parlamentu a Rady (EU) <a class=\"linkeurule\" data-link=\"eurule\" data-cellarid=\"01d55833-0660-11ee-b12e-01aa75ed71a1\" href=\"http://eur-lex.europa.eu/legal-content/CS/AUTO/?uri=cellar:01d55833-0660-11ee-b12e-01aa75ed71a1\" data-author=\"http://publications.europa.eu/resource/authority/corporate-body/EP\" data-dts=\"3\" data-dtt=\"R\" data-dta=\"2023\" data-dtn=\"1114\" data-id_celex=\"32023R1114\" data-typeid=\"0\" data-flag=\"1\">2023/1114</a>, nebo","souboroveDokumenty":null},{"fragmentId":614984685,"hloubka":5,"typ":"Pismeno_Lb","xhtml":"<var>d)</var> předcházení a zákazu zneužívání trhu zahrnujícího kryptoaktiva podle čl. 89 až 92 nařízení Evropského parlamentu a Rady (EU) <a class=\"linkeurule\" data-link=\"eurule\" data-cellarid=\"01d55833-0660-11ee-b12e-01aa75ed71a1\" href=\"http://eur-lex.europa.eu/legal-content/CS/AUTO/?uri=cellar:01d55833-0660-11ee-b12e-01aa75ed71a1\" data-author=\"http://publications.europa.eu/resource/authority/corporate-body/EP\" data-dts=\"3\" data-dtt=\"R\" data-dta=\"2023\" data-dtn=\"1114\" data-id_celex=\"32023R1114\" data-typeid=\"0\" data-flag=\"1\">2023/1114</a>.","souboroveDokumenty":null},{"fragmentId":614984687,"hloubka":4,"typ":"Odstavec_Dc","xhtml":"<var>(2)</var> Za přestupek podle <a data-odkaz-id=\"112987603\" href=\"#\"  class=\"int_odkaz\">odstavce 1 písm. a)</a> lze uložit pokutu do","souboroveDokumenty":null},{"fragmentId":614984689,"hloubka":5,"typ":"Pismeno_Lb","xhtml":"<var>a)</var> 118 475 000 Kč,","souboroveDokumenty":null},{"fragmentId":614984691,"hloubka":5,"typ":"Pismeno_Lb","xhtml":"<var>b)</var> výše 3 % celkového ročního obratu pachatele přestupku podle poslední konsolidované účetní závěrky konsolidačního celku, v němž je zahrnutý, nebo řádné účetní závěrky, není-li taková konsolidovaná účetní závěrka, přesahuje-li tato částka částku podle <a data-odkaz-id=\"112987813\" href=\"#\"  class=\"int_odkaz\">písmene a)</a>, nebo","souboroveDokumenty":null},{"fragmentId":614984693,"hloubka":5,"typ":"Pismeno_Lb","xhtml":"<var>c)</var> výše dvojnásobku neoprávněného prospěchu získaného spácháním tohoto přestupku, je-li možné výši neoprávněného prospěchu zjistit a přesahuje-li tato částka částky podle <a data-odkaz-id=\"112987819\" href=\"#\"  class=\"int_odkaz\">písmen a)</a> a <a data-odkaz-id=\"112987825\" href=\"#\"  class=\"int_odkaz\">b)</a>.","souboroveDokumenty":null},{"fragmentId":614984695,"hloubka":4,"typ":"Odstavec_Dc","xhtml":"<var>(3)</var> Za přestupek podle <a data-odkaz-id=\"112987831\" href=\"#\"  class=\"int_odkaz\">odstavce 1 písm. b)</a> lze uložit pokutu do","souboroveDokumenty":null},{"fragmentId":614984697,"hloubka":5,"typ":"Pismeno_Lb","xhtml":"<var>a)</var> 118 475 000 Kč,","souboroveDokumenty":null},{"fragmentId":614984699,"hloubka":5,"typ":"Pismeno_Lb","xhtml":"<var>b)</var> výše 5 % celkového ročního obratu pachatele přestupku podle poslední konsolidované účetní závěrky konsolidačního celku, v němž je zahrnutý, nebo řádné účetní závěrky, není-li taková konsolidovaná účetní závěrka, přesahuje-li tato částka částku podle <a data-odkaz-id=\"112987837\" href=\"#\"  class=\"int_odkaz\">písmene a)</a>, nebo","souboroveDokumenty":null},{"fragmentId":614984701,"hloubka":5,"typ":"Pismeno_Lb","xhtml":"<var>c)</var> výše dvojnásobku neoprávněného prospěchu získaného spácháním tohoto přestupku, je-li možné výši neoprávněného prospěchu zjistit a přesahuje-li tato částka částky podle <a data-odkaz-id=\"112987843\" href=\"#\"  class=\"int_odkaz\">písmen a)</a> a <a data-odkaz-id=\"112987849\" href=\"#\"  class=\"int_odkaz\">b)</a>.","souboroveDokumenty":null},{"fragmentId":614984703,"hloubka":4,"typ":"Odstavec_Dc","xhtml":"<var>(4)</var> Za přestupek podle <a data-odkaz-id=\"112987855\" href=\"#\"  class=\"int_odkaz\">odstavce 1 písm. c)</a> lze uložit pokutu do","souboroveDokumenty":null},{"fragmentId":614984705,"hloubka":5,"typ":"Pismeno_Lb","xhtml":"<var>a)</var> 59 238 000 Kč,","souboroveDokumenty":null},{"fragmentId":614984707,"hloubka":5,"typ":"Pismeno_Lb","xhtml":"<var>b)</var> výše 2 % celkového ročního obratu pachatele přestupku podle poslední konsolidované účetní závěrky konsolidačního celku, v němž je zahrnutý, nebo řádné účetní závěrky, není-li taková konsolidovaná účetní závěrka, přesahuje-li tato částka částku podle <a data-odkaz-id=\"112987861\" href=\"#\"  class=\"int_odkaz\">písmene a)</a>, nebo","souboroveDokumenty":null},{"fragmentId":614984709,"hloubka":5,"typ":"Pismeno_Lb","xhtml":"<var>c)</var> výše trojnásobku neoprávněného prospěchu získaného spácháním tohoto přestupku, je-li možné výši neoprávněného prospěchu zjistit a přesahuje-li tato částka částky podle <a data-odkaz-id=\"112987867\" href=\"#\"  class=\"int_odkaz\">písmen a)</a> a <a data-odkaz-id=\"112987873\" href=\"#\"  class=\"int_odkaz\">b)</a>.","souboroveDokumenty":null},{"fragmentId":614984711,"hloubka":4,"typ":"Odstavec_Dc","xhtml":"<var>(5)</var> Za přestupek podle <a data-odkaz-id=\"112987879\" href=\"#\"  class=\"int_odkaz\">odstavce 1 písm. d)</a> lze uložit pokutu do","souboroveDokumenty":null},{"fragmentId":614984713,"hloubka":5,"typ":"Pismeno_Lb","xhtml":"<var>a)</var> 355 425 000 Kč,","souboroveDokumenty":null},{"fragmentId":614984715,"hloubka":5,"typ":"Pismeno_Lb","xhtml":"<var>b)</var> výše 15 % celkového ročního obratu pachatele přestupku podle poslední konsolidované účetní závěrky konsolidačního celku, ve kterém je zahrnutý, nebo řádné účetní závěrky, není-li taková konsolidovaná účetní závěrka, přesahuje-li tato částka částku podle <a data-odkaz-id=\"112987885\" href=\"#\"  class=\"int_odkaz\">písmene a)</a>, nebo","souboroveDokumenty":null},{"fragmentId":614984717,"hloubka":5,"typ":"Pismeno_Lb","xhtml":"<var>c)</var> výše trojnásobku neoprávněného prospěchu získaného spácháním tohoto přestupku, je-li možné výši neoprávněného prospěchu zjistit a přesahuje-li tato částka částky podle <a data-odkaz-id=\"112987891\" href=\"#\"  class=\"int_odkaz\">písmen a)</a> a <a data-odkaz-id=\"112987897\" href=\"#\"  class=\"int_odkaz\">b)</a>.","souboroveDokumenty":null},{"fragmentId":614984719,"hloubka":4,"typ":"Odstavec_Dc","xhtml":"<var>(6)</var> Za přestupek podle <a data-odkaz-id=\"112987903\" href=\"#\"  class=\"int_odkaz\">odstavce 1</a> lze uložit zveřejnění rozhodnutí o přestupku.","souboroveDokumenty":null},{"fragmentId":614984721,"hloubka":3,"typ":"Paragraf","xhtml":"<var>§ 23</var>","souboroveDokumenty":null},{"fragmentId":614984723,"hloubka":4,"typ":"Nadpis_pod","xhtml":"Další přestupky právnických osob spočívající v porušení nařízení Evropské unie o trzích kryptoaktiv","souboroveDokumenty":null},{"fragmentId":614984725,"hloubka":4,"typ":"Odstavec_Dc","xhtml":"<var>(1)</var> Právnická osoba se dopustí přestupku tím, že","souboroveDokumenty":null},{"fragmentId":614984727,"hloubka":5,"typ":"Pismeno_Lb","xhtml":"<var>a)</var> nesplní některou z povinností týkajících se tokenů vázaných na aktiva podle čl. 16, 17, 19, 22, 23, 25, 27 až 41, 46 nebo 47 nařízení Evropského parlamentu a Rady (EU) <a class=\"linkeurule\" data-link=\"eurule\" data-cellarid=\"01d55833-0660-11ee-b12e-01aa75ed71a1\" href=\"http://eur-lex.europa.eu/legal-content/CS/AUTO/?uri=cellar:01d55833-0660-11ee-b12e-01aa75ed71a1\" data-author=\"http://publications.europa.eu/resource/authority/corporate-body/EP\" data-dts=\"3\" data-dtt=\"R\" data-dta=\"2023\" data-dtn=\"1114\" data-id_celex=\"32023R1114\" data-typeid=\"0\" data-flag=\"1\">2023/1114</a>,","souboroveDokumenty":null},{"fragmentId":614984729,"hloubka":5,"typ":"Pismeno_Lb","xhtml":"<var>b)</var> nesplní některou z povinností týkajících se elektronických tokenů podle čl. 48 až 51 nebo 53 až 55 nařízení Evropského parlamentu a Rady (EU) <a class=\"linkeurule\" data-link=\"eurule\" data-cellarid=\"01d55833-0660-11ee-b12e-01aa75ed71a1\" href=\"http://eur-lex.europa.eu/legal-content/CS/AUTO/?uri=cellar:01d55833-0660-11ee-b12e-01aa75ed71a1\" data-author=\"http://publications.europa.eu/resource/authority/corporate-body/EP\" data-dts=\"3\" data-dtt=\"R\" data-dta=\"2023\" data-dtn=\"1114\" data-id_celex=\"32023R1114\" data-typeid=\"0\" data-flag=\"1\">2023/1114</a>,","souboroveDokumenty":null},{"fragmentId":614984731,"hloubka":5,"typ":"Pismeno_Lb","xhtml":"<var>c)</var> neposkytne České národní bance požadovanou součinnost při výkonu dohledu prováděného podle čl. 94 odst. 3 nařízení Evropského parlamentu a Rady (EU) <a class=\"linkeurule\" data-link=\"eurule\" data-cellarid=\"01d55833-0660-11ee-b12e-01aa75ed71a1\" href=\"http://eur-lex.europa.eu/legal-content/CS/AUTO/?uri=cellar:01d55833-0660-11ee-b12e-01aa75ed71a1\" data-author=\"http://publications.europa.eu/resource/authority/corporate-body/EP\" data-dts=\"3\" data-dtt=\"R\" data-dta=\"2023\" data-dtn=\"1114\" data-id_celex=\"32023R1114\" data-typeid=\"0\" data-flag=\"1\">2023/1114</a>, nebo","souboroveDokumenty":null},{"fragmentId":614984733,"hloubka":5,"typ":"Pismeno_Lb","xhtml":"<var>d)</var> poruší některé z opatření přijatých podle čl. 103, 104 nebo 105 nařízení Evropského parlamentu a Rady (EU) <a class=\"linkeurule\" data-link=\"eurule\" data-cellarid=\"01d55833-0660-11ee-b12e-01aa75ed71a1\" href=\"http://eur-lex.europa.eu/legal-content/CS/AUTO/?uri=cellar:01d55833-0660-11ee-b12e-01aa75ed71a1\" data-author=\"http://publications.europa.eu/resource/authority/corporate-body/EP\" data-dts=\"3\" data-dtt=\"R\" data-dta=\"2023\" data-dtn=\"1114\" data-id_celex=\"32023R1114\" data-typeid=\"0\" data-flag=\"1\">2023/1114</a>.","souboroveDokumenty":null},{"fragmentId":614984735,"hloubka":4,"typ":"Odstavec_Dc","xhtml":"<var>(2)</var> Za přestupek podle <a data-odkaz-id=\"112987909\" href=\"#\"  class=\"int_odkaz\">odstavce 1 písm. a)</a> nebo <a data-odkaz-id=\"112987915\" href=\"#\"  class=\"int_odkaz\">b)</a> lze uložit pokutu do","souboroveDokumenty":null},{"fragmentId":614984737,"hloubka":5,"typ":"Pismeno_Lb","xhtml":"<var>a)</var> 118 475 000 Kč,","souboroveDokumenty":null},{"fragmentId":614984739,"hloubka":5,"typ":"Pismeno_Lb","xhtml":"<var>b)</var> výše 12,5 % celkového ročního obratu pachatele přestupku podle poslední konsolidované účetní závěrky konsolidačního celku, ve kterém je zahrnutý, nebo řádné účetní závěrky, není-li taková konsolidovaná účetní závěrka, přesahuje-li tato částka částku podle <a data-odkaz-id=\"112987921\" href=\"#\"  class=\"int_odkaz\">písmene a)</a>, nebo","souboroveDokumenty":null},{"fragmentId":614984741,"hloubka":5,"typ":"Pismeno_Lb","xhtml":"<var>c)</var> výše dvojnásobku neoprávněného prospěchu získaného spácháním tohoto přestupku, je-li možné výši neoprávněného prospěchu zjistit a přesahuje-li tato částka částky podle <a data-odkaz-id=\"112987927\" href=\"#\"  class=\"int_odkaz\">písmen a)</a> a <a data-odkaz-id=\"112987933\" href=\"#\"  class=\"int_odkaz\">b)</a>.","souboroveDokumenty":null},{"fragmentId":614984743,"hloubka":4,"typ":"Odstavec_Dc","xhtml":"<var>(3)</var> Za přestupek lze uložit pokutu do","souboroveDokumenty":null},{"fragmentId":614984745,"hloubka":5,"typ":"Pismeno_Lb","xhtml":"<var>a)</var> 10 000 000 Kč, jde-li o přestupek podle <a data-odkaz-id=\"112987939\" href=\"#\"  class=\"int_odkaz\">odstavce 1 písm. c)</a>, nebo","souboroveDokumenty":null},{"fragmentId":614984747,"hloubka":5,"typ":"Pismeno_Lb","xhtml":"<var>b)</var> 50 000 000 Kč, jde-li o přestupek podle <a data-odkaz-id=\"112987945\" href=\"#\"  class=\"int_odkaz\">odstavce 1 písm. d)</a>.","souboroveDokumenty":null},{"fragmentId":614984749,"hloubka":4,"typ":"Odstavec_Dc","xhtml":"<var>(4)</var> Za přestupek podle <a data-odkaz-id=\"112987951\" href=\"#\"  class=\"int_odkaz\">odstavce 1 písm. a)</a> nebo <a data-odkaz-id=\"112987957\" href=\"#\"  class=\"int_odkaz\">b)</a> lze uložit zveřejnění rozhodnutí o přestupku.","souboroveDokumenty":null},{"fragmentId":614984751,"hloubka":3,"typ":"Paragraf","xhtml":"<var>§ 24</var>","souboroveDokumenty":null},{"fragmentId":614984753,"hloubka":4,"typ":"Nadpis_pod","xhtml":"Přestupek poskytovatele služeb souvisejících s kryptoaktivy","souboroveDokumenty":null},{"fragmentId":614984755,"hloubka":4,"typ":"Odstavec_Dc","xhtml":"<var>(1)</var> Poskytovatel služeb souvisejících s kryptoaktivy se dopustí přestupku tím, že","souboroveDokumenty":null},{"fragmentId":614984757,"hloubka":5,"typ":"Pismeno_Lb","xhtml":"<var>a)</var> nezajistí ověření opatření přijatých za účelem ochrany svěřených prostředků podle <a data-odkaz-id=\"112987963\" href=\"#\"  class=\"int_odkaz\">§ 5</a>, nebo","souboroveDokumenty":null},{"fragmentId":614984759,"hloubka":5,"typ":"Pismeno_Lb","xhtml":"<var>b)</var> nesplní informační povinnost podle <a data-odkaz-id=\"112987969\" href=\"#\"  class=\"int_odkaz\">§ 6</a>.","souboroveDokumenty":null},{"fragmentId":614984761,"hloubka":4,"typ":"Odstavec_Dc","xhtml":"<var>(2)</var> Za přestupek lze uložit pokutu do","souboroveDokumenty":null},{"fragmentId":614984763,"hloubka":5,"typ":"Pismeno_Lb","xhtml":"<var>a)</var> 500 000 Kč, jde-li o přestupek podle <a data-odkaz-id=\"112987975\" href=\"#\"  class=\"int_odkaz\">odstavce 1 písm. b)</a>, nebo","souboroveDokumenty":null},{"fragmentId":614984765,"hloubka":5,"typ":"Pismeno_Lb","xhtml":"<var>b)</var> 10 000 000 Kč, jde-li o přestupek podle <a data-odkaz-id=\"112987981\" href=\"#\"  class=\"int_odkaz\">odstavce 1 písm. a)</a>.","souboroveDokumenty":null},{"fragmentId":614984767,"hloubka":3,"typ":"Paragraf","xhtml":"<var>§ 25</var>","souboroveDokumenty":null},{"fragmentId":614984769,"hloubka":4,"typ":"Nadpis_pod","xhtml":"Společné ustanovení","souboroveDokumenty":null},{"fragmentId":614984771,"hloubka":4,"typ":"Odstavec_Dc","xhtml":"Přestupky podle tohoto zákona projednává Česká národní banka.","souboroveDokumenty":null},{"fragmentId":614984807,"hloubka":1,"typ":"Virtual_Zaver","xhtml":null,"souboroveDokumenty":null},{"fragmentId":614984773,"hloubka":2,"typ":"Cast","xhtml":"<var>ČÁST PÁTÁ</var>","souboroveDokumenty":null},{"fragmentId":614984775,"hloubka":3,"typ":"Nadpis_pod","xhtml":"USTANOVENÍ PŘECHODNÁ A ZÁVĚREČNÁ","souboroveDokumenty":null},{"fragmentId":614984777,"hloubka":3,"typ":"Paragraf","xhtml":"<var>§ 26</var>","souboroveDokumenty":null},{"fragmentId":614984779,"hloubka":4,"typ":"Nadpis_pod","xhtml":"Přechodné ustanovení","souboroveDokumenty":null},{"fragmentId":614984817,"hloubka":4,"typ":"Block_Prechodne_Ustanoveni_Nov","xhtml":null,"souboroveDokumenty":null},{"fragmentId":614984781,"hloubka":5,"typ":"Odstavec_Dc","xhtml":"Ten, kdo byl přede dnem 30. prosince 2024 oprávněn poskytovat služby související s kryptoaktivy na základě živnostenského oprávnění a podal žádost o udělení povolení k činnosti poskytovatele služeb souvisejících s kryptoaktivy podle čl. 63 nařízení Evropského parlamentu a Rady (EU) <a class=\"linkeurule\" data-link=\"eurule\" data-cellarid=\"01d55833-0660-11ee-b12e-01aa75ed71a1\" href=\"http://eur-lex.europa.eu/legal-content/CS/AUTO/?uri=cellar:01d55833-0660-11ee-b12e-01aa75ed71a1\" data-author=\"http://publications.europa.eu/resource/authority/corporate-body/EP\" data-dts=\"3\" data-dtt=\"R\" data-dta=\"2023\" data-dtn=\"1114\" data-id_celex=\"32023R1114\" data-typeid=\"0\" data-flag=\"1\">2023/1114</a> do 31. července 2025, může tuto činnost nadále vykonávat na základě tohoto oprávnění do dne nabytí právní moci rozhodnutí o žádosti o udělení povolení k činnosti poskytovatele služeb souvisejících s kryptoaktivy podle čl. 63 nařízení Evropského parlamentu a Rady (EU) <a class=\"linkeurule\" data-link=\"eurule\" data-cellarid=\"01d55833-0660-11ee-b12e-01aa75ed71a1\" href=\"http://eur-lex.europa.eu/legal-content/CS/AUTO/?uri=cellar:01d55833-0660-11ee-b12e-01aa75ed71a1\" data-author=\"http://publications.europa.eu/resource/authority/corporate-body/EP\" data-dts=\"3\" data-dtt=\"R\" data-dta=\"2023\" data-dtn=\"1114\" data-id_celex=\"32023R1114\" data-typeid=\"0\" data-flag=\"1\">2023/1114</a>, nejdéle však do 1. července 2026.","souboroveDokumenty":null},{"fragmentId":614984783,"hloubka":3,"typ":"Paragraf","xhtml":"<var>§ 27</var>","souboroveDokumenty":null},{"fragmentId":614984785,"hloubka":4,"typ":"Nadpis_pod","xhtml":"Účinnost","souboroveDokumenty":null},{"fragmentId":614984811,"hloubka":4,"typ":"Block_Ucinnostni_Ustanoveni","xhtml":null,"souboroveDokumenty":null},{"fragmentId":614984787,"hloubka":5,"typ":"Odstavec_Dc","xhtml":"Tento zákon nabývá účinnosti dnem následujícím po dni jeho vyhlášení.","souboroveDokumenty":null},{"fragmentId":614984803,"hloubka":1,"typ":"Virtual_Postfix","xhtml":null,"souboroveDokumenty":null},{"fragmentId":614984789,"hloubka":2,"typ":"Postfix","xhtml":"Pekarová Adamová v. r.","souboroveDokumenty":null},{"fragmentId":614984791,"hloubka":2,"typ":"Postfix","xhtml":"Pavel v. r.","souboroveDokumenty":null},{"fragmentId":614984793,"hloubka":2,"typ":"Postfix","xhtml":"Fiala v. r.","souboroveDokumenty":null},{"fragmentId":614984805,"hloubka":1,"typ":"Virtual_PPC","xhtml":null,"souboroveDokumenty":null},{"fragmentId":614984795,"hloubka":2,"typ":"PPC","xhtml":"<var><sup>1</sup>)</var> Nařízení Evropského parlamentu a Rady (EU) <a class=\"linkeurule\" data-link=\"eurule\" data-cellarId=\"0caf473a-85bd-11ed-9887-01aa75ed71a1\" href=\"http://eur-lex.europa.eu/legal-content/CS/AUTO/?uri=cellar:0caf473a-85bd-11ed-9887-01aa75ed71a1\" data-author=\"http://publications.europa.eu/resource/authority/corporate-body/EP\" data-dts=\"3\" data-dtt=\"R\" data-datepublication=\"2022-12-14\" data-dta=\"2022\" data-dtn=\"2554\" data-id_celex=\"32022R2554\" data-typeid=\"0\" data-flag=\"1\">2022/2554</a> ze dne 14. prosince 2022 o digitální provozní odolnosti finančního sektoru a o změně nařízení (ES) č. <a class=\"linkeurule\" data-link=\"eurule\" data-cellarId=\"6e35c7f1-c976-4c9f-83d9-f5919e956de0\" href=\"http://eur-lex.europa.eu/legal-content/CS/AUTO/?uri=cellar:6e35c7f1-c976-4c9f-83d9-f5919e956de0\" data-dts=\"3\" data-dtt=\"R\" data-dta=\"2009\" data-dtn=\"1060\" data-id_celex=\"32009R1060\" data-typeid=\"0\" data-flag=\"1\">1060/2009</a>, (EU) č. <a class=\"linkeurule\" data-link=\"eurule\" data-cellarId=\"665d41b1-2085-4584-af8a-45c605d62b94\" href=\"http://eur-lex.europa.eu/legal-content/CS/AUTO/?uri=cellar:665d41b1-2085-4584-af8a-45c605d62b94\" data-dts=\"3\" data-dtt=\"R\" data-dta=\"2012\" data-dtn=\"648\" data-id_celex=\"32012R0648\" data-typeid=\"0\" data-flag=\"1\">648/2012</a>, (EU) č. <a class=\"linkeurule\" data-link=\"eurule\" data-cellarId=\"3b729ddf-f1f7-11e3-8cd4-01aa75ed71a1\" href=\"http://eur-lex.europa.eu/legal-content/CS/AUTO/?uri=cellar:3b729ddf-f1f7-11e3-8cd4-01aa75ed71a1\" data-dts=\"3\" data-dtt=\"R\" data-dta=\"2014\" data-dtn=\"600\" data-id_celex=\"32014R0600\" data-typeid=\"0\" data-flag=\"1\">600/2014</a>, (EU) č. <a class=\"linkeurule\" data-link=\"eurule\" data-cellarId=\"e58428b4-2e81-11e4-8c3c-01aa75ed71a1\" href=\"http://eur-lex.europa.eu/legal-content/CS/AUTO/?uri=cellar:e58428b4-2e81-11e4-8c3c-01aa75ed71a1\" data-dts=\"3\" data-dtt=\"R\" data-dta=\"2014\" data-dtn=\"909\" data-id_celex=\"32014R0909\" data-typeid=\"0\" data-flag=\"1\">909/2014</a> a (EU) <a class=\"linkeurule\" data-link=\"eurule\" data-cellarId=\"5f55dd2e-3dbb-11e6-a825-01aa75ed71a1\" href=\"http://eur-lex.europa.eu/legal-content/CS/AUTO/?uri=cellar:5f55dd2e-3dbb-11e6-a825-01aa75ed71a1\" data-dts=\"3\" data-dtt=\"R\" data-dta=\"2016\" data-dtn=\"1011\" data-id_celex=\"32016R1011\" data-typeid=\"0\" data-flag=\"1\">2016/1011</a>.<br/> Nařízení Evropského parlamentu a Rady (EU) <a class=\"linkeurule\" data-link=\"eurule\" data-cellarId=\"01d55833-0660-11ee-b12e-01aa75ed71a1\" href=\"http://eur-lex.europa.eu/legal-content/CS/AUTO/?uri=cellar:01d55833-0660-11ee-b12e-01aa75ed71a1\" data-author=\"http://publications.europa.eu/resource/authority/corporate-body/EP\" data-dts=\"3\" data-dtt=\"R\" data-datepublication=\"2023-05-31\" data-dta=\"2023\" data-dtn=\"1114\" data-id_celex=\"32023R1114\" data-typeid=\"0\" data-flag=\"1\">2023/1114</a> ze dne 31. května 2023 o trzích kryptoaktiv a o změně nařízení (EU) č. <a class=\"linkeurule\" data-link=\"eurule\" data-cellarId=\"c2eecef2-5a33-4525-931e-53cf6e6f96c7\" href=\"http://eur-lex.europa.eu/legal-content/CS/AUTO/?uri=cellar:c2eecef2-5a33-4525-931e-53cf6e6f96c7\" data-dts=\"3\" data-dtt=\"R\" data-dta=\"2010\" data-dtn=\"1093\" data-id_celex=\"32010R1093\" data-typeid=\"0\" data-flag=\"1\">1093/2010</a> a (EU) č. <a class=\"linkeurule\" data-link=\"eurule\" data-cellarId=\"d6206116-a910-4ffa-b6cd-f14b1b503568\" href=\"http://eur-lex.europa.eu/legal-content/CS/AUTO/?uri=cellar:d6206116-a910-4ffa-b6cd-f14b1b503568\" data-dts=\"3\" data-dtt=\"R\" data-dta=\"2010\" data-dtn=\"1095\" data-id_celex=\"32010R1095\" data-typeid=\"0\" data-flag=\"1\">1095/2010</a> a směrnic <a class=\"linkeurule\" data-link=\"eurule\" data-cellarId=\"2ff66fd7-df0b-11e2-9165-01aa75ed71a1\" href=\"http://eur-lex.europa.eu/legal-content/CS/AUTO/?uri=cellar:2ff66fd7-df0b-11e2-9165-01aa75ed71a1\" data-dts=\"3\" data-dtt=\"L\" data-dta=\"2013\" data-dtn=\"36\" data-id_celex=\"32013L0036\" data-typeid=\"0\" data-flag=\"1\">2013/36/EU</a> a (EU) <a class=\"linkeurule\" data-link=\"eurule\" data-cellarId=\"cc54a8ef-1036-11ea-8c1f-01aa75ed71a1\" href=\"http://eur-lex.europa.eu/legal-content/CS/AUTO/?uri=cellar:cc54a8ef-1036-11ea-8c1f-01aa75ed71a1\" data-dts=\"3\" data-dtt=\"L\" data-dta=\"2019\" data-dtn=\"1937\" data-id_celex=\"32019L1937\" data-typeid=\"0\" data-flag=\"1\">2019/1937</a>, v platném znění.<br/> Přímo použitelné předpisy Evropské unie, kterými se provádějí nebo v přenesené pravomoci doplňují předpisy Evropské unie uvedené v této poznámce pod čarou.","souboroveDokumenty":null},{"fragmentId":614984797,"hloubka":2,"typ":"PPC","xhtml":"<var><sup>2</sup>)</var> Nařízení Evropského parlamentu a Rady (EU) č. <a class=\"linkeurule\" data-link=\"eurule\" data-cellarId=\"c2eecef2-5a33-4525-931e-53cf6e6f96c7\" href=\"http://eur-lex.europa.eu/legal-content/CS/AUTO/?uri=cellar:c2eecef2-5a33-4525-931e-53cf6e6f96c7\" data-author=\"http://publications.europa.eu/resource/authority/corporate-body/EP\" data-dts=\"3\" data-dtt=\"R\" data-datepublication=\"2010-11-24\" data-dta=\"2010\" data-dtn=\"1093\" data-id_celex=\"32010R1093\" data-typeid=\"0\" data-flag=\"1\">1093/2010</a> ze dne 24. listopadu 2010 o zřízení Evropského orgánu dohledu (Evropského orgánu pro bankovnictví), o změně rozhodnutí č. <a class=\"linkeurule\" data-link=\"eurule\" data-cellarId=\"7a7111fa-e4a7-49d9-bb61-b7d6e93f3baf\" href=\"http://eur-lex.europa.eu/legal-content/CS/AUTO/?uri=cellar:7a7111fa-e4a7-49d9-bb61-b7d6e93f3baf\" data-dts=\"3\" data-dtt=\"D\" data-dta=\"2009\" data-dtn=\"716\" data-id_celex=\"32009D0716\" data-typeid=\"0\" data-flag=\"1\">716/2009/ES</a> a o zrušení rozhodnutí Komise <a class=\"linkeurule\" data-link=\"eurule\" data-cellarId=\"298f0760-7351-44f6-b9e9-eaa421a6fd35\" href=\"http://eur-lex.europa.eu/legal-content/CS/AUTO/?uri=cellar:298f0760-7351-44f6-b9e9-eaa421a6fd35\" data-author=\"http://publications.europa.eu/resource/authority/corporate-body/COM\" data-dts=\"3\" data-dtt=\"D\" data-dta=\"2009\" data-dtn=\"78\" data-id_celex=\"32009D0078\" data-typeid=\"0\" data-flag=\"1\">2009/78/ES</a>, v platném znění.","souboroveDokumenty":null},{"fragmentId":614984799,"hloubka":2,"typ":"PPC","xhtml":"<var><sup>3</sup>)</var> Nařízení Evropského parlamentu a Rady (EU) č. <a class=\"linkeurule\" data-link=\"eurule\" data-cellarId=\"4bd6de5a-ce58-4243-a5ad-bdd19d7cd556\" href=\"http://eur-lex.europa.eu/legal-content/CS/AUTO/?uri=cellar:4bd6de5a-ce58-4243-a5ad-bdd19d7cd556\" data-author=\"http://publications.europa.eu/resource/authority/corporate-body/EP\" data-dts=\"3\" data-dtt=\"R\" data-datepublication=\"2010-11-24\" data-dta=\"2010\" data-dtn=\"1094\" data-id_celex=\"32010R1094\" data-typeid=\"0\" data-flag=\"1\">1094/2010</a>, ze dne 24. listopadu 2010 o zřízení Evropského orgánu dohledu (Evropského orgánu pro pojišťovnictví a zaměstnanecké penzijní pojištění), o změně rozhodnutí č. <a class=\"linkeurule\" data-link=\"eurule\" data-cellarId=\"7a7111fa-e4a7-49d9-bb61-b7d6e93f3baf\" href=\"http://eur-lex.europa.eu/legal-content/CS/AUTO/?uri=cellar:7a7111fa-e4a7-49d9-bb61-b7d6e93f3baf\" data-dts=\"3\" data-dtt=\"D\" data-dta=\"2009\" data-dtn=\"716\" data-id_celex=\"32009D0716\" data-typeid=\"0\" data-flag=\"1\">716/2009/ES</a> a o zrušení rozhodnutí Komise <a class=\"linkeurule\" data-link=\"eurule\" data-cellarId=\"e371e4d4-51f6-4ba4-9fd9-d790c435e0dc\" href=\"http://eur-lex.europa.eu/legal-content/CS/AUTO/?uri=cellar:e371e4d4-51f6-4ba4-9fd9-d790c435e0dc\" data-author=\"http://publications.europa.eu/resource/authority/corporate-body/COM\" data-dts=\"3\" data-dtt=\"D\" data-dta=\"2009\" data-dtn=\"79\" data-id_celex=\"32009D0079\" data-typeid=\"0\" data-flag=\"1\">2009/79/ES</a>, v platném znění.","souboroveDokumenty":null},{"fragmentId":614984801,"hloubka":2,"typ":"PPC","xhtml":"<var><sup>4</sup>)</var> Nařízení Evropského parlamentu a Rady (EU) č. <a class=\"linkeurule\" data-link=\"eurule\" data-cellarId=\"d6206116-a910-4ffa-b6cd-f14b1b503568\" href=\"http://eur-lex.europa.eu/legal-content/CS/AUTO/?uri=cellar:d6206116-a910-4ffa-b6cd-f14b1b503568\" data-author=\"http://publications.europa.eu/resource/authority/corporate-body/EP\" data-dts=\"3\" data-dtt=\"R\" data-datepublication=\"2010-11-24\" data-dta=\"2010\" data-dtn=\"1095\" data-id_celex=\"32010R1095\" data-typeid=\"0\" data-flag=\"1\">1095/2010</a> ze dne 24. listopadu 2010 o zřízení Evropského orgánu dohledu (Evropského orgánu pro cenné papíry a trhy), o změně rozhodnutí č. <a class=\"linkeurule\" data-link=\"eurule\" data-cellarId=\"7a7111fa-e4a7-49d9-bb61-b7d6e93f3baf\" href=\"http://eur-lex.europa.eu/legal-content/CS/AUTO/?uri=cellar:7a7111fa-e4a7-49d9-bb61-b7d6e93f3baf\" data-dts=\"3\" data-dtt=\"D\" data-dta=\"2009\" data-dtn=\"716\" data-id_celex=\"32009D0716\" data-typeid=\"0\" data-flag=\"1\">716/2009/ES</a> a o zrušení rozhodnutí Komise <a class=\"linkeurule\" data-link=\"eurule\" data-cellarId=\"c4f34857-4e2c-4568-8467-d7fefa10bc72\" href=\"http://eur-lex.europa.eu/legal-content/CS/AUTO/?uri=cellar:c4f34857-4e2c-4568-8467-d7fefa10bc72\" data-author=\"http://publications.europa.eu/resource/authority/corporate-body/COM\" data-dts=\"3\" data-dtt=\"D\" data-dta=\"2009\" data-dtn=\"77\" data-id_celex=\"32009D0077\" data-typeid=\"0\" data-flag=\"1\">2009/77/ES</a>, v platném znění.","souboroveDokumenty":null}],"sablonaHierarchieKod":"SABL_NOVY_PA_ZAKON","sablonaHierarchieVerze":1}