{"metadata":{"castkaCislo":"8/2017","predpisCislo":"23/2017 Sb.","rocnik":2017,"datumUcinnostiZneniOd":null},"fragmenty":[{"fragmentId":8934453,"hloubka":0,"typ":"Virtual_Document","xhtml":null,"souboroveDokumenty":null},{"fragmentId":8934455,"hloubka":1,"typ":"Virtual_Prefix","xhtml":null,"souboroveDokumenty":null},{"fragmentId":8934457,"hloubka":2,"typ":"Prefix_Number","xhtml":"23","souboroveDokumenty":null},{"fragmentId":8934459,"hloubka":2,"typ":"Prefix_Type","xhtml":"ZÁKON","souboroveDokumenty":null},{"fragmentId":8934461,"hloubka":2,"typ":"Prefix_Date","xhtml":"ze dne 17. ledna 2017","souboroveDokumenty":null},{"fragmentId":8934463,"hloubka":2,"typ":"Prefix_Title","xhtml":"o pravidlech rozpočtové odpovědnosti","souboroveDokumenty":null},{"fragmentId":8934465,"hloubka":2,"typ":"Prefix","xhtml":"Parlament se usnesl na tomto zákoně České republiky:","souboroveDokumenty":null},{"fragmentId":8934467,"hloubka":1,"typ":"Virtual_Norma","xhtml":null,"souboroveDokumenty":null},{"fragmentId":8934469,"hloubka":2,"typ":"Cast","xhtml":"<var>ČÁST PRVNÍ</var>","souboroveDokumenty":null},{"fragmentId":8934471,"hloubka":3,"typ":"Nadpis_pod","xhtml":"OBECNÁ USTANOVENÍ","souboroveDokumenty":null},{"fragmentId":8934473,"hloubka":3,"typ":"Paragraf","xhtml":"<var>§ 1</var>","souboroveDokumenty":null},{"fragmentId":8934475,"hloubka":4,"typ":"Nadpis_pod","xhtml":"Předmět úpravy","souboroveDokumenty":null},{"fragmentId":8934477,"hloubka":4,"typ":"Odstavec_Dc","xhtml":"Tento zákon zapracovává příslušný předpis Evropské unie<a data-odkaz-id=\"39890511\" href=\"#\"  class=\"int_odkaz\"><sup>1</sup>)</a>, zároveň navazuje na přímo použitelné předpisy Evropské unie<a data-odkaz-id=\"39890525\" href=\"#\"  class=\"int_odkaz\"><sup>2</sup>)</a> a upravuje pravidla rozpočtové odpovědnosti veřejných institucí v sektoru veřejných institucí a působnost Národní rozpočtové rady (dále jen „Rada“).","souboroveDokumenty":null},{"fragmentId":8934479,"hloubka":3,"typ":"Paragraf","xhtml":"<var>§ 2</var>","souboroveDokumenty":null},{"fragmentId":8934481,"hloubka":4,"typ":"Nadpis_pod","xhtml":"Úvodní ustanovení","souboroveDokumenty":null},{"fragmentId":8934483,"hloubka":4,"typ":"Odstavec_Dc","xhtml":"<var>(1)</var> Stát a územní samosprávné celky dbají o zdravé a udržitelné veřejné finance, přičemž vhodně podporují hospodářský a společenský rozvoj, zaměstnanost a mezigenerační soudržnost.","souboroveDokumenty":null},{"fragmentId":8934485,"hloubka":4,"typ":"Odstavec_Dc","xhtml":"<var>(2)</var> Stát, územní samosprávné celky a další veřejné instituce uvedené v <a data-odkaz-id=\"40049327\" href=\"#\"  class=\"int_odkaz\">§ 3</a> dodržují při výkonu své činnosti pravidla transparentnosti, účelnosti, hospodárnosti a efektivnosti nakládání s veřejnými financemi.","souboroveDokumenty":null},{"fragmentId":8934487,"hloubka":4,"typ":"Odstavec_Dc","xhtml":"<var>(3)</var> Stát, územní samosprávné celky a další veřejné instituce uvedené v <a data-odkaz-id=\"40049313\" href=\"#\"  class=\"int_odkaz\">§ 3</a> dbají o takový vývoj dluhu sektoru veřejných institucí, který nenarušuje dlouhodobě udržitelný stav veřejných financí.","souboroveDokumenty":null},{"fragmentId":8934489,"hloubka":3,"typ":"Paragraf","xhtml":"<var>§ 3</var>","souboroveDokumenty":null},{"fragmentId":8934491,"hloubka":4,"typ":"Nadpis_pod","xhtml":"Veřejná instituce","souboroveDokumenty":null},{"fragmentId":8934493,"hloubka":4,"typ":"Odstavec_Dc","xhtml":"Veřejnou institucí v sektoru veřejných institucí pro účely rozpočtové odpovědnosti je","souboroveDokumenty":null},{"fragmentId":8934495,"hloubka":5,"typ":"Pismeno_Lb","xhtml":"<var>a)</var> stát, organizační složka státu a zařízení státu, které má obdobné postavení jako organizační složka státu,","souboroveDokumenty":null},{"fragmentId":8934497,"hloubka":5,"typ":"Pismeno_Lb","xhtml":"<var>b)</var> státní příspěvková organizace,","souboroveDokumenty":null},{"fragmentId":8934499,"hloubka":5,"typ":"Pismeno_Lb","xhtml":"<var>c)</var> státní fond,","souboroveDokumenty":null},{"fragmentId":8934501,"hloubka":5,"typ":"Pismeno_Lb","xhtml":"<var>d)</var> veřejná výzkumná instituce,","souboroveDokumenty":null},{"fragmentId":8934503,"hloubka":5,"typ":"Pismeno_Lb","xhtml":"<var>e)</var> veřejná vysoká škola,","souboroveDokumenty":null},{"fragmentId":8934505,"hloubka":5,"typ":"Pismeno_Lb","xhtml":"<var>f)</var> právnická osoba, jejímž zakladatelem nebo zřizovatelem je veřejná instituce podle <a data-odkaz-id=\"40049257\" href=\"#\"  class=\"int_odkaz\">písmen a)</a>, <a data-odkaz-id=\"40049271\" href=\"#\"  class=\"int_odkaz\">c) až e)</a>, <a data-odkaz-id=\"40049285\" href=\"#\"  class=\"int_odkaz\">g)</a> a <a data-odkaz-id=\"40049299\" href=\"#\"  class=\"int_odkaz\">m)</a>, a která je","souboroveDokumenty":null},{"fragmentId":8934507,"hloubka":6,"typ":"Bod_Dd","xhtml":"<var>1.</var> převážně financována příjmy od veřejných institucí podle <a data-odkaz-id=\"40049243\" href=\"#\"  class=\"int_odkaz\">písmen a) až e)</a> nebo výnosy daní, poplatků a jiných obdobných peněžitých plnění a","souboroveDokumenty":null},{"fragmentId":8934509,"hloubka":6,"typ":"Bod_Dd","xhtml":"<var>2.</var> řízena veřejnou institucí podle <a data-odkaz-id=\"40049229\" href=\"#\"  class=\"int_odkaz\">písmen a) až e)</a>, nebo ve které taková veřejná instituce může prosadit jmenování, volbu nebo odvolání většiny osob, které jsou statutárním nebo řídícím orgánem nebo jeho členem, nebo většiny osob, které jsou členy dozorčího orgánu právnické osoby,","souboroveDokumenty":null},{"fragmentId":8934511,"hloubka":5,"typ":"Pismeno_Lb","xhtml":"<var>g)</var> zdravotní pojišťovna,","souboroveDokumenty":null},{"fragmentId":8934513,"hloubka":5,"typ":"Pismeno_Lb","xhtml":"<var>h)</var> územní samosprávný celek,","souboroveDokumenty":null},{"fragmentId":8935011,"hloubka":5,"typ":"Pismeno_Lb","xhtml":"<var>i)</var> dobrovolný svazek obcí,","souboroveDokumenty":null},{"fragmentId":8935067,"hloubka":5,"typ":"Pismeno_Lb","xhtml":"<var>j)</var> příspěvková organizace zřízená územním samosprávným celkem, dobrovolným svazkem obcí, nebo městskou částí hlavního města Prahy,","souboroveDokumenty":null},{"fragmentId":8935069,"hloubka":5,"typ":"Pismeno_Lb","xhtml":"<var>k)</var> právnická osoba, jejímž zakladatelem nebo zřizovatelem je územní samosprávný celek, dobrovolný svazek obcí nebo městská část hlavního města Prahy, a","souboroveDokumenty":null},{"fragmentId":8934519,"hloubka":6,"typ":"Bod_Dd","xhtml":"<var>1.</var> která je financovaná převážně svým zakladatelem nebo zřizovatelem nebo výnosy daní, poplatků a jiných obdobných peněžitých plnění a","souboroveDokumenty":null},{"fragmentId":8934521,"hloubka":6,"typ":"Bod_Dd","xhtml":"<var>2.</var> ve které veřejná instituce podle <a data-odkaz-id=\"40049215\" href=\"#\"  class=\"int_odkaz\">písmen h) až k)</a> může prosadit jmenování, volbu nebo odvolání více než poloviny osob, které jsou statutárním, řídícím nebo správním orgánem nebo jeho členem, anebo většiny osob, které jsou členy dozorčího orgánu právnické osoby,","souboroveDokumenty":null},{"fragmentId":8935071,"hloubka":5,"typ":"Pismeno_Lb","xhtml":"<var>l)</var> jiný ekonomický subjekt, který splňuje znaky instituce sektoru vládních institucí podle přímo použitelného předpisu Evropské unie upravujícího Evropský systém národních a regionálních účtů v Evropské unii<a data-odkaz-id=\"39997603\" href=\"#\"  class=\"int_odkaz\"><sup>3</sup>)</a>,","souboroveDokumenty":null},{"fragmentId":150012869,"hloubka":5,"typ":"Pismeno_Lb","xhtml":"<var>m)</var> veřejná kulturní instituce,","souboroveDokumenty":null},{"fragmentId":8934525,"hloubka":5,"typ":"Pokracovani_Text","xhtml":"pokud je zároveň zapsána jako jednotka sektoru vládních institucí podle přímo použitelného předpisu Evropské unie upravujícího Evropský systém národních a regionálních účtů v Evropské unii<a data-odkaz-id=\"40049177\" href=\"#\"  class=\"int_odkaz\"><sup>3</sup>)</a> v registru ekonomických subjektů, vedeném a spravovaném Českým statistickým úřadem podle zákona <a data-odkaz-id=\"40049191\" href=\"#\"  class=\"ext_odkaz\">o státní statistické službě</a>.","souboroveDokumenty":null},{"fragmentId":8934527,"hloubka":2,"typ":"Cast","xhtml":"<var>ČÁST DRUHÁ</var>","souboroveDokumenty":null},{"fragmentId":8934529,"hloubka":3,"typ":"Nadpis_pod","xhtml":"PRAVIDLA ROZPOČTOVÉ ODPOVĚDNOSTI","souboroveDokumenty":null},{"fragmentId":8934531,"hloubka":3,"typ":"Nadpis_nad","xhtml":"Rozpočet a střednědobý výhled veřejné instituce","souboroveDokumenty":null},{"fragmentId":8934533,"hloubka":3,"typ":"Paragraf","xhtml":"<var>§ 4</var>","souboroveDokumenty":null},{"fragmentId":8934535,"hloubka":4,"typ":"Odstavec_Dc","xhtml":"<var>(1)</var> Rozpočtem veřejné instituce je plán, jímž se řídí financování činnosti veřejné instituce. Rozpočet obsahuje plán příjmů a výdajů a financování vzniklého salda, nebo plán výnosů a nákladů.","souboroveDokumenty":null},{"fragmentId":8934537,"hloubka":4,"typ":"Odstavec_Dc","xhtml":"<var>(2)</var> Rozpočtem zdravotní pojišťovny je zdravotně pojistný plán, který obsahuje plán příjmů a výdajů zdravotní pojišťovny.","souboroveDokumenty":null},{"fragmentId":8934539,"hloubka":4,"typ":"Odstavec_Dc","xhtml":"<var>(3)</var> Střednědobým výhledem rozpočtu veřejné instituce je plán příjmů a výdajů, nebo plán výnosů a nákladů, na každý z rozpočtových roků, na který je střednědobý výhled rozpočtu sestavován.","souboroveDokumenty":null},{"fragmentId":8934541,"hloubka":3,"typ":"Paragraf","xhtml":"<var>§ 5</var>","souboroveDokumenty":null},{"fragmentId":8934543,"hloubka":4,"typ":"Odstavec_Dc","xhtml":"<var>(1)</var> Veřejná instituce sestavuje návrh rozpočtu na rozpočtový rok a střednědobý výhled rozpočtu na nejméně 2 další následující rozpočtové roky, při tom zohledňuje veškeré hospodářské skutečnosti, včetně své ekonomické a finanční situace.","souboroveDokumenty":null},{"fragmentId":8934545,"hloubka":4,"typ":"Odstavec_Dc","xhtml":"<var>(2)</var> Veřejná instituce zveřejní na svých internetových stránkách nebo jiným způsobem v místě obvyklým","souboroveDokumenty":null},{"fragmentId":8934547,"hloubka":5,"typ":"Pismeno_Lb","xhtml":"<var>a)</var> návrh rozpočtu a střednědobého výhledu rozpočtu nejméně po dobu 10 dnů přede dnem jeho projednání příslušným orgánem, nestanoví-li jiný právní předpis jinak,","souboroveDokumenty":null},{"fragmentId":8934549,"hloubka":5,"typ":"Pismeno_Lb","xhtml":"<var>b)</var> rozpočet a střednědobý výhled rozpočtu nejpozději do 30 dnů ode dne jeho projednání nebo schválení příslušným orgánem, nestanoví-li jiný právní předpis jinak.","souboroveDokumenty":null},{"fragmentId":8935073,"hloubka":4,"typ":"Odstavec_Dc","xhtml":"<var>(3)</var> S návrhem rozpočtu na rozpočtový rok veřejná instituce zveřejní informace o schváleném rozpočtu na rozpočtový rok předcházející roku, na který je předkládán návrh rozpočtu (dále jen „předcházející rok“), a o očekávaném, nebo skutečném plnění rozpočtu za předcházející rok. Tato povinnost se nevztahuje na veřejnou instituci, u které jsou požadované informace zveřejňovány podle jiného právního předpisu nebo prostřednictvím Ministerstva financí (dále jen „ministerstvo“) způsobem umožňujícím dálkový přístup.","souboroveDokumenty":null},{"fragmentId":8934553,"hloubka":3,"typ":"Nadpis_nad","xhtml":"Zveřejňování informací","souboroveDokumenty":null},{"fragmentId":8934555,"hloubka":3,"typ":"Paragraf","xhtml":"<var>§ 6</var>","souboroveDokumenty":null},{"fragmentId":8935075,"hloubka":4,"typ":"Odstavec_Dc","xhtml":"<var>(1)</var> Pokud tento zákon ukládá ministerstvu povinnost zveřejňovat informace o dodržování pravidel rozpočtové odpovědnosti veřejnými institucemi, zveřejňuje je ministerstvo na svých internetových stránkách.","souboroveDokumenty":null},{"fragmentId":8934559,"hloubka":4,"typ":"Odstavec_Dc","xhtml":"<var>(2)</var> Ministerstvo každoročně do 31. října zveřejní seznam veřejných institucí na základě informací poskytnutých ministerstvu Českým statistickým úřadem ke dni 30. září téhož roku.","souboroveDokumenty":null},{"fragmentId":8934561,"hloubka":3,"typ":"Paragraf","xhtml":"<var>§ 7</var>","souboroveDokumenty":null},{"fragmentId":8934563,"hloubka":4,"typ":"Odstavec_Dc","xhtml":"<var>(1)</var> Ministerstvo nejméně jednou ročně zveřejní za sektor veřejných institucí informace o","souboroveDokumenty":null},{"fragmentId":8934565,"hloubka":5,"typ":"Pismeno_Lb","xhtml":"<var>a)</var> podmíněných závazcích podle právních předpisů upravujících účetnictví<a data-odkaz-id=\"40049149\" href=\"#\"  class=\"int_odkaz\"><sup>4</sup>)</a> a o dalších potenciálních povinnostech k plnění s předpokládaným významným dopadem na veřejné finance nejméně v členění na záruky, dluhy vyplývající z činnosti veřejných společností vymezených v přímo použitelném předpise Evropské unie upravujícím Evropský systém národních a regionálních účtů v Evropské unii<a data-odkaz-id=\"40049163\" href=\"#\"  class=\"int_odkaz\"><sup>5</sup>)</a>, včetně jejich ocenění,","souboroveDokumenty":null},{"fragmentId":8934567,"hloubka":5,"typ":"Pismeno_Lb","xhtml":"<var>b)</var> zápůjčkách, úvěrech a návratných finančních výpomocích poskytnutých veřejnými institucemi, jejichž splátky jistiny nebo úroku jsou 90 a více dnů po lhůtě splatnosti,","souboroveDokumenty":null},{"fragmentId":8934569,"hloubka":5,"typ":"Pismeno_Lb","xhtml":"<var>c)</var> majetkových účastech v obchodních korporacích a dalších podílech držených veřejnými institucemi, a to nejméně o majetkových účastech a podílech, jejichž hodnota je vyšší než 0,01% nominálního hrubého domácího produktu uvedeného za stejné období v naposledy zveřejněné makroekonomické prognóze ministerstva,","souboroveDokumenty":null},{"fragmentId":8934571,"hloubka":5,"typ":"Pismeno_Lb","xhtml":"<var>d)</var> odhadech dopadů daňových úlev, které lze považovat za výdaje uskutečňované prostřednictvím daňového systému, na příjmy sektoru veřejných institucí.","souboroveDokumenty":null},{"fragmentId":8935061,"hloubka":4,"typ":"Odstavec_Dc","xhtml":"<var>(2)</var> U veřejných institucí uvedených v <a data-odkaz-id=\"39997623\" href=\"#\"  class=\"int_odkaz\">§ 3 písm. h) až k)</a> nebo u jednotlivých skupin těchto institucí zveřejní ministerstvo nejméně celkové příjmy, výdaje a saldo nebo celkové výnosy a náklady nebo jejich odhady za každé kalendářní čtvrtletí, a to do konce následujícího čtvrtletí.","souboroveDokumenty":null},{"fragmentId":8935063,"hloubka":4,"typ":"Odstavec_Dc","xhtml":"<var>(3)</var> U veřejných institucí uvedených v <a data-odkaz-id=\"39997611\" href=\"#\"  class=\"int_odkaz\">§ 3 písm. a) až f)</a> a <a data-odkaz-id=\"39997615\" href=\"#\"  class=\"int_odkaz\">l)</a> nebo u jednotlivých skupin těchto institucí zveřejní ministerstvo za každý kalendářní měsíc nejméně celkové příjmy, výdaje a saldo nebo celkové výnosy a náklady nebo jejich odhady, a to do konce následujícího měsíce. U veřejných institucí uvedených v <a data-odkaz-id=\"39997619\" href=\"#\"  class=\"int_odkaz\">§ 3 písm. g)</a> zveřejní ministerstvo tyto údaje ve stejných lhůtách samostatně.","souboroveDokumenty":null},{"fragmentId":8934577,"hloubka":4,"typ":"Odstavec_Dc","xhtml":"<var>(4)</var> Veřejné instituce jsou povinny ministerstvu poskytnout informace potřebné k splnění informačních povinností podle <a data-odkaz-id=\"40049095\" href=\"#\"  class=\"int_odkaz\">odstavců 1 až 3</a>, které nejsou ministerstvu známé z jeho činnosti, a to prostřednictvím centrálního systému účetních informací státu.","souboroveDokumenty":null},{"fragmentId":8934579,"hloubka":4,"typ":"Odstavec_Dc","xhtml":"<var>(5)</var> Před zveřejněním údajů uvedených v <a data-odkaz-id=\"40049053\" href=\"#\"  class=\"int_odkaz\">odstavcích 2</a> a <a data-odkaz-id=\"40049067\" href=\"#\"  class=\"int_odkaz\">3</a>, ministerstvo zveřejní popis rozdílů mezi zveřejňovanými údaji a údaji podle přímo použitelného předpisu Evropské unie upravujícího Evropský systém národních a regionálních účtů v Evropské unii<a data-odkaz-id=\"40049081\" href=\"#\"  class=\"int_odkaz\"><sup>3</sup>)</a>. Popis ministerstvo připraví ve spolupráci s Českým statistickým úřadem.","souboroveDokumenty":null},{"fragmentId":8934581,"hloubka":4,"typ":"Odstavec_Dc","xhtml":"<var>(6)</var> Ministerstvo spolu s údaji podle <a data-odkaz-id=\"40049039\" href=\"#\"  class=\"int_odkaz\">odstavců 1 až 3</a> zveřejní způsob, kterým byly tyto údaje stanoveny.","souboroveDokumenty":null},{"fragmentId":8934583,"hloubka":3,"typ":"Paragraf","xhtml":"<var>§ 8</var>","souboroveDokumenty":null},{"fragmentId":8934585,"hloubka":4,"typ":"Nadpis_pod","xhtml":"Prognózy","souboroveDokumenty":null},{"fragmentId":8934587,"hloubka":4,"typ":"Odstavec_Dc","xhtml":"<var>(1)</var> Makroekonomická a fiskální prognóza ministerstva obsahuje porovnání s prognózami Evropské komise, včetně jejich předpokladů, a s dalšími prognózami. Podstatné rozdíly ministerstvo zveřejní a odůvodní je.","souboroveDokumenty":null},{"fragmentId":8934589,"hloubka":4,"typ":"Odstavec_Dc","xhtml":"<var>(2)</var> Fiskální prognózy ministerstva obsahují analýzu citlivosti vývoje hlavních fiskálních proměnných na odlišné předpoklady týkající se alespoň tempa růstu hrubého domácího produktu a úrokových sazeb.","souboroveDokumenty":null},{"fragmentId":8934591,"hloubka":4,"typ":"Odstavec_Dc","xhtml":"<var>(3)</var> Ministerstvo provádí pravidelné souhrnné následné hodnocení makroekonomických a fiskálních prognóz použitých pro přípravu státního rozpočtu podle objektivních metod. Výsledek hodnocení ministerstvo zveřejní společně se stanoviskem Výboru pro rozpočtové prognózy (<a data-odkaz-id=\"40049025\" href=\"#\"  class=\"int_odkaz\">§ 19</a>) a zohlední při svých příštích prognózách.","souboroveDokumenty":null},{"fragmentId":8934593,"hloubka":4,"typ":"Odstavec_Dc","xhtml":"<var>(4)</var> V případě podstatného zkreslení makroekonomické prognózy po dobu nejméně 4 po sobě následujících let, přijme ministerstvo nezbytná opatření a zveřejní je.","souboroveDokumenty":null},{"fragmentId":8934595,"hloubka":4,"typ":"Odstavec_Dc","xhtml":"<var>(5)</var> Ministerstvo zveřejní makroekonomické a fiskální prognózy, metodiku a předpoklady použité pro tvorbu makroekonomických a fiskálních prognóz.","souboroveDokumenty":null},{"fragmentId":8934597,"hloubka":3,"typ":"Paragraf","xhtml":"<var>§ 9</var>","souboroveDokumenty":null},{"fragmentId":8934599,"hloubka":4,"typ":"Nadpis_pod","xhtml":"Rozpočtová strategie sektoru veřejných institucí","souboroveDokumenty":null},{"fragmentId":8934601,"hloubka":4,"typ":"Odstavec_Dc","xhtml":"<var>(1)</var> Rozpočtová strategie sektoru veřejných institucí (dále jen „strategie“) vychází z makroekonomické prognózy a fiskální prognózy sektoru veřejných institucí. Součástí strategie je konvergenční program<a data-odkaz-id=\"40048927\" href=\"#\"  class=\"int_odkaz\"><sup>6</sup>)</a>. Strategii vypracuje každoročně ministerstvo nejméně na období následujících 3 let.","souboroveDokumenty":null},{"fragmentId":8934603,"hloubka":4,"typ":"Odstavec_Dc","xhtml":"<var>(2)</var> Strategie obsahuje","souboroveDokumenty":null},{"fragmentId":8935077,"hloubka":5,"typ":"Pismeno_Lb","xhtml":"<var>a)</var> celkové výdaje sektoru veřejných institucí stanovené podle <a data-odkaz-id=\"39997599\" href=\"#\"  class=\"int_odkaz\">§ 10</a> nebo <a data-odkaz-id=\"39997601\" href=\"#\"  class=\"int_odkaz\">§ 10a</a>, a to jednou částkou na každý z rozpočtových roků,","souboroveDokumenty":null},{"fragmentId":8934607,"hloubka":5,"typ":"Pismeno_Lb","xhtml":"<var>b)</var> výdajové rámce státního rozpočtu a státních fondů podle <a data-odkaz-id=\"40048875\" href=\"#\"  class=\"int_odkaz\">§ 12</a>, a to jednou částkou na každý z rozpočtových roků,","souboroveDokumenty":null},{"fragmentId":8935079,"hloubka":5,"typ":"Pismeno_Lb","xhtml":"<var>c)</var> postup stanovení celkových výdajů sektoru veřejných institucí podle <a data-odkaz-id=\"39997593\" href=\"#\"  class=\"int_odkaz\">§ 10</a> a <a data-odkaz-id=\"39997595\" href=\"#\"  class=\"int_odkaz\">§ 10a</a> a postup stanovení výdajových rámců státního rozpočtu a státních fondů podle <a data-odkaz-id=\"39997597\" href=\"#\"  class=\"int_odkaz\">§ 12</a>,","souboroveDokumenty":null},{"fragmentId":8934611,"hloubka":5,"typ":"Pismeno_Lb","xhtml":"<var>d)</var> prognózy hlavních položek příjmů a výdajů sektoru veřejných institucí při nezměněných hospodářských politikách, a to jednou částkou na každý z rozpočtových roků,","souboroveDokumenty":null},{"fragmentId":8934613,"hloubka":5,"typ":"Pismeno_Lb","xhtml":"<var>e)</var> popis dopadů plánovaných střednědobých hospodářských politik<a data-odkaz-id=\"40048821\" href=\"#\"  class=\"int_odkaz\"><sup>7</sup>)</a> na sektor veřejných institucí v členění podle hlavních položek příjmů a výdajů, z něhož je zřejmý postup dosažení střednědobého rozpočtového cíle stanoveného podle přímo použitelného předpisu Evropské unie<a data-odkaz-id=\"40048835\" href=\"#\"  class=\"int_odkaz\"><sup>8</sup>)</a> ve srovnání s prognózami při nezměněných hospodářských politikách,","souboroveDokumenty":null},{"fragmentId":8934615,"hloubka":5,"typ":"Pismeno_Lb","xhtml":"<var>f)</var> hodnocení dopadů plánovaných hospodářských politik na udržitelnost veřejných financí,","souboroveDokumenty":null},{"fragmentId":8934617,"hloubka":5,"typ":"Pismeno_Lb","xhtml":"<var>g)</var> finanční vztahy státního rozpočtu k rozpočtům územních samosprávných celků,","souboroveDokumenty":null},{"fragmentId":8934619,"hloubka":5,"typ":"Pismeno_Lb","xhtml":"<var>h)</var> finanční vztahy státního rozpočtu k rozpočtům veřejných institucí podle <a data-odkaz-id=\"40048793\" href=\"#\"  class=\"int_odkaz\">§ 3 písm. g)</a> a ke zvláštnímu účtu veřejného zdravotního pojištění<a data-odkaz-id=\"40048807\" href=\"#\"  class=\"int_odkaz\"><sup>9</sup>)</a>.","souboroveDokumenty":null},{"fragmentId":8934621,"hloubka":4,"typ":"Odstavec_Dc","xhtml":"<var>(3)</var> Ministerstvo předkládá návrh strategie vládě tak, aby jej projednala a po případných úpravách schválila do 30. dubna téhož roku.","souboroveDokumenty":null},{"fragmentId":8934623,"hloubka":4,"typ":"Odstavec_Dc","xhtml":"<var>(4)</var> Ministerstvo v návrhu strategie, návrhu státního rozpočtu a střednědobého výhledu uvede souhrnnou informaci o hospodaření veřejných institucí a jejich mimorozpočtových účtů a fondů, a to nejméně v rozsahu jejich souhrnného vlivu na saldo a dluh sektoru veřejných institucí.","souboroveDokumenty":null},{"fragmentId":8935017,"hloubka":3,"typ":"Nadpis_nad","xhtml":"Stanovení celkových výdajů sektoru veřejných institucí","souboroveDokumenty":null},{"fragmentId":8934625,"hloubka":3,"typ":"Paragraf","xhtml":"<var>§ 10</var>","souboroveDokumenty":null},{"fragmentId":8935081,"hloubka":4,"typ":"Odstavec_Dc","xhtml":"<var>(1)</var> Ministerstvo stanoví částku celkových výdajů sektoru veřejných institucí jako součet částek nejvýše 1 % prognózovaného nominálního hrubého domácího produktu, nestanoví-li <a data-odkaz-id=\"39997589\" href=\"#\"  class=\"int_odkaz\">§ 10a</a> jinak, a prognózovaných celkových konsolidovaných příjmů sektoru veřejných institucí upravených o vliv hospodářského cyklu a o vliv jednorázových a přechodných operací na příslušný následující rozpočtový rok. Celkové výdaje sektoru veřejných institucí se konsolidují o jejich vzájemné finanční vztahy a stanoví se podle přímo použitelného předpisu Evropské unie upravujícího Evropský systém národních a regionálních účtů v Evropské unii<a data-odkaz-id=\"39997591\" href=\"#\"  class=\"int_odkaz\"><sup>3</sup>)</a>.","souboroveDokumenty":null},{"fragmentId":8934631,"hloubka":4,"typ":"Odstavec_Dc","xhtml":"<var>(2)</var> Jednorázovými a přechodnými operacemi se rozumí příjmy a výdaje sektoru veřejných institucí, které mají pouze krátkodobě časově omezený dopad na jejich rozpočty. Ministerstvo projedná s Radou (<a data-odkaz-id=\"40048767\" href=\"#\"  class=\"int_odkaz\">§ 21</a>) vliv jednorázových a přechodných operací na příjmy a výdaje sektoru veřejných institucí. Rada k vlivu operací vydá bez zbytečného odkladu stanovisko, které ministerstvo zveřejní. Nesouhlasí-li ministerstvo se stanoviskem Rady, zveřejní odůvodnění nesouhlasu.","souboroveDokumenty":null},{"fragmentId":8934633,"hloubka":4,"typ":"Odstavec_Dc","xhtml":"<var>(3)</var> Částka celkových výdajů sektoru veřejných institucí se snižuje o jednu třetinu výše nápravné složky podle <a data-odkaz-id=\"40048753\" href=\"#\"  class=\"int_odkaz\">§ 11</a>, která v daném roce překračuje 2 % nominálního hrubého domácího produktu za předchozí rozpočtový rok, který je v běžném roce naposledy zveřejněn Českým statistickým úřadem.","souboroveDokumenty":null},{"fragmentId":8934635,"hloubka":4,"typ":"Odstavec_Dc","xhtml":"<var>(4)</var> Ministerstvo může částku celkových výdajů sektoru veřejných institucí navýšit o","souboroveDokumenty":null},{"fragmentId":8934637,"hloubka":5,"typ":"Pismeno_Lb","xhtml":"<var>a)</var> výdaje sektoru veřejných institucí vzniklé na základě zhoršování bezpečnostní situace státu spojené s vládou vyhlášenými mimořádnými opatřeními ke zvýšení jeho obranyschopnosti, na základě nouzového stavu, stavu ohrožení státu nebo válečného stavu,","souboroveDokumenty":null},{"fragmentId":8934639,"hloubka":5,"typ":"Pismeno_Lb","xhtml":"<var>b)</var> úhrn výdajů sektoru veřejných institucí spojených s odstraňováním následků živelních pohrom a výdajů sektoru veřejných institucí vyplývajících z plnění mezinárodních smluv a jiných mezinárodních závazků České republiky, pokud by podle prognózy ministerstva přesáhl 3 % nominálního hrubého domácího produktu prognózovaného ministerstvem na toto období,","souboroveDokumenty":null},{"fragmentId":8934641,"hloubka":5,"typ":"Pismeno_Lb","xhtml":"<var>c)</var> dodatečné výdaje související s prognózovaným významným zhoršením ekonomického vývoje, pokud ministerstvo předpovídá v daném roce čtvrtletní meziroční pokles hrubého domácího produktu očištěného o cenové vlivy o nejméně 3 %.","souboroveDokumenty":null},{"fragmentId":8934643,"hloubka":4,"typ":"Odstavec_Dc","xhtml":"<var>(5)</var> Ministerstvo stanoví výši výdajů podle <a data-odkaz-id=\"40048739\" href=\"#\"  class=\"int_odkaz\">odstavce 4 písm. c)</a> pouze se stanoviskem Rady, které ministerstvo zveřejní. Nesouhlasí-li ministerstvo se stanoviskem Rady, zveřejní odůvodnění nesouhlasu.","souboroveDokumenty":null},{"fragmentId":8934645,"hloubka":4,"typ":"Odstavec_Dc","xhtml":"<var>(6)</var> Ministerstvo společně s Radou vypracuje a zveřejní postup při stanovení jednorázových a přechodných operací a úpravě celkových příjmů o vliv hospodářského cyklu.","souboroveDokumenty":null},{"fragmentId":8935083,"hloubka":3,"typ":"Paragraf","xhtml":"<var>§ 10a</var>","souboroveDokumenty":null},{"fragmentId":8935085,"hloubka":4,"typ":"Odstavec_Dc","xhtml":"Procentní částka prognózovaného nominálního hrubého domácího produktu podle <a data-odkaz-id=\"39997587\" href=\"#\"  class=\"int_odkaz\">§ 10 odst. 1</a> činí nejvýše","souboroveDokumenty":null},{"fragmentId":8935087,"hloubka":5,"typ":"Pismeno_Lb","xhtml":"<var>a)</var> 2,75 % pro rok 2024,","souboroveDokumenty":null},{"fragmentId":8935089,"hloubka":5,"typ":"Pismeno_Lb","xhtml":"<var>b)</var> 2,25 % pro rok 2025,","souboroveDokumenty":null},{"fragmentId":8935091,"hloubka":5,"typ":"Pismeno_Lb","xhtml":"<var>c)</var> 1,75 % pro rok 2026,","souboroveDokumenty":null},{"fragmentId":8935093,"hloubka":5,"typ":"Pismeno_Lb","xhtml":"<var>d)</var> 1,25 % pro rok 2027.","souboroveDokumenty":null},{"fragmentId":8934647,"hloubka":3,"typ":"Paragraf","xhtml":"<var>§ 11</var>","souboroveDokumenty":null},{"fragmentId":8935095,"hloubka":4,"typ":"Nadpis_pod","xhtml":"Nápravná složka","souboroveDokumenty":null},{"fragmentId":8934651,"hloubka":4,"typ":"Odstavec_Dc","xhtml":"<var>(1)</var> Nápravná složka slouží k úpravě odchylky skutečného výsledku hospodaření sektoru veřejných institucí od výsledku předpokládaného.","souboroveDokumenty":null},{"fragmentId":8935097,"hloubka":4,"typ":"Odstavec_Dc","xhtml":"<var>(2)</var> Nápravnou složku v běžném rozpočtovém roce tvoří součet nápravné složky z předchozího roku a rozdílu skutečných celkových výdajů sektoru veřejných institucí za předchozí rok a celkových výdajů sektoru veřejných institucí, které jsou vypočteny v běžném roce za předchozí rok zpětně podle <a data-odkaz-id=\"39997581\" href=\"#\"  class=\"int_odkaz\">§ 10</a> nebo podle <a data-odkaz-id=\"39997583\" href=\"#\"  class=\"int_odkaz\">§ 10a</a> v letech 2025 až 2028 na základě údajů zveřejněných Českým statistickým úřadem. Skutečné celkové výdaje sektoru veřejných institucí, které jsou v běžném roce zveřejněny Českým statistickým úřadem a které Český statistický úřad sdělí ministerstvu nejpozději k 1. dubnu a 1. říjnu každého běžného roku, jsou stanoveny podle přímo použitelného předpisu Evropské unie upravujícího Evropský systém národních a regionálních účtů v Evropské unii<a data-odkaz-id=\"39997585\" href=\"#\"  class=\"int_odkaz\"><sup>3</sup>)</a>.","souboroveDokumenty":null},{"fragmentId":8934655,"hloubka":4,"typ":"Odstavec_Dc","xhtml":"<var>(3)</var> Nápravná složka se snižuje o částku uplatněnou podle <a data-odkaz-id=\"40048701\" href=\"#\"  class=\"int_odkaz\">§ 10 odst. 3</a> v předchozím roce.","souboroveDokumenty":null},{"fragmentId":8934657,"hloubka":4,"typ":"Odstavec_Dc","xhtml":"<var>(4)</var> Ministerstvo může nápravnou složku v běžném rozpočtovém roce snížit o výši výdajů, které vznikly na základě jiných vnějších skutečností, než které jsou uvedeny v <a data-odkaz-id=\"40048687\" href=\"#\"  class=\"int_odkaz\">§ 10 odst. 4.</a> Zahrnutí těchto výdajů a stanovení jejich rozsahu je možné pouze po obdržení souhlasného stanoviska Rady. Ministerstvo stanovisko Rady zveřejní.","souboroveDokumenty":null},{"fragmentId":8934659,"hloubka":3,"typ":"Paragraf","xhtml":"<var>§ 12</var>","souboroveDokumenty":null},{"fragmentId":8934661,"hloubka":4,"typ":"Nadpis_pod","xhtml":"Výdajový rámec státního rozpočtu a státních fondů","souboroveDokumenty":null},{"fragmentId":8935057,"hloubka":4,"typ":"Odstavec_Dc","xhtml":"<var>(1)</var> Ministerstvo společně s Radou vypracuje a zveřejní popis postupu při stanovení výdajového rámce státního rozpočtu a státních fondů z celkových výdajů sektoru veřejných institucí.","souboroveDokumenty":null},{"fragmentId":8935059,"hloubka":4,"typ":"Odstavec_Dc","xhtml":"<var>(2)</var> Ministerstvo stanoví závazný celkový konsolidovaný výdajový rámec pro státní rozpočet a státní fondy. Při jeho stanovení se vychází z celkových výdajů sektoru veřejných institucí, z nichž se vyloučí prognózovaný výsledek hospodaření veřejných institucí s výjimkou státního rozpočtu a státních fondů.","souboroveDokumenty":null},{"fragmentId":8934667,"hloubka":4,"typ":"Odstavec_Dc","xhtml":"<var>(3)</var> Z výdajového rámce státního rozpočtu a státních fondů ministerstvo vychází při stanovení celkových výdajů státního rozpočtu v návrhu zákona o státním rozpočtu podle zákona upravujícího <a data-odkaz-id=\"40048643\" href=\"#\"  class=\"ext_odkaz\">rozpočtová pravidla</a><a data-odkaz-id=\"40048657\" href=\"#\"  class=\"int_odkaz\"><sup>10</sup>)</a>.","souboroveDokumenty":null},{"fragmentId":8934669,"hloubka":4,"typ":"Odstavec_Dc","xhtml":"<var>(4)</var> Stanovení výdajového rámce státního rozpočtu a státních fondů ministerstvo zveřejní.","souboroveDokumenty":null},{"fragmentId":8934671,"hloubka":4,"typ":"Odstavec_Dc","xhtml":"<var>(5)</var> Rada vydá bez zbytečného odkladu ke stanovení výdajového rámce státního rozpočtu a státních fondů stanovisko, které ministerstvo zveřejní. Nesouhlasí-li ministerstvo se stanoviskem Rady, zveřejní odůvodnění nesouhlasu.","souboroveDokumenty":null},{"fragmentId":8934673,"hloubka":3,"typ":"Nadpis_nad","xhtml":"Výše dluhu sektoru veřejných institucí","souboroveDokumenty":null},{"fragmentId":8934675,"hloubka":3,"typ":"Paragraf","xhtml":"<var>§ 13</var>","souboroveDokumenty":null},{"fragmentId":8934677,"hloubka":4,"typ":"Odstavec_Dc","xhtml":"Pro stanovení výše dluhu sektoru veřejných institucí po odečtení rezervy peněžních prostředků při financování státního dluhu vyjádřené jako procentní podíl na hrubém domácím produktu (dále jen „výše dluhu“) se použije dluh sektoru veřejných institucí vzniklý do konce předchozího kalendářního roku a nominální hrubý domácí produkt za předchozí kalendářní rok, které Český statistický úřad oznámil v prvním pololetí běžného roku Evropské komisi podle přímo použitelného předpisu Evropské unie upravujícího použití Protokolu o postupu při nadměrném schodku<a data-odkaz-id=\"40048629\" href=\"#\"  class=\"int_odkaz\"><sup>11</sup>)</a>.","souboroveDokumenty":null},{"fragmentId":8934679,"hloubka":3,"typ":"Paragraf","xhtml":"<var>§ 14</var>","souboroveDokumenty":null},{"fragmentId":8934681,"hloubka":4,"typ":"Odstavec_Dc","xhtml":"Činí-li výše dluhu sektoru veřejných institucí po odečtení rezervy peněžních prostředků při financování státního dluhu nejméně 55 % nominálního hrubého domácího produktu, uplatní se od prvního dne druhého kalendářního měsíce následujícího po dni vyhlášení takto upravené výše dluhu následující opatření vedoucí k dlouhodobě udržitelnému stavu veřejných financí","souboroveDokumenty":null},{"fragmentId":8934683,"hloubka":5,"typ":"Pismeno_Lb","xhtml":"<var>a)</var> vláda schválí a předloží Poslanecké sněmovně návrh a střednědobý výhled státního rozpočtu a rozpočtů státních fondů, které vedou k dlouhodobě udržitelnému stavu veřejných financí; byl-li již návrh zákona o státním rozpočtu nebo návrh rozpočtu státního fondu předložen bez splnění této podmínky, vláda takový návrh vezme zpět a neprodleně předloží návrh nový,","souboroveDokumenty":null},{"fragmentId":8934685,"hloubka":5,"typ":"Pismeno_Lb","xhtml":"<var>b)</var> vláda předloží Poslanecké sněmovně návrhy vyrovnaných rozpočtů zdravotních pojišťoven; návrhy schodkových rozpočtů může předložit jen při splnění podmínek stanovených zákony upravujícími veřejné zdravotní pojištění<a data-odkaz-id=\"40048615\" href=\"#\"  class=\"int_odkaz\"><sup>12</sup>)</a>,","souboroveDokumenty":null},{"fragmentId":8934687,"hloubka":5,"typ":"Pismeno_Lb","xhtml":"<var>c)</var> územní samosprávný celek schválí svůj rozpočet na následující rok jako vyrovnaný nebo přebytkový; rozpočet územního samosprávného celku může být schválen jako schodkový jen při splnění podmínek stanovených zákonem upravujícím rozpočtová pravidla územních rozpočtů<a data-odkaz-id=\"40048601\" href=\"#\"  class=\"int_odkaz\"><sup>13</sup>)</a>,","souboroveDokumenty":null},{"fragmentId":8934689,"hloubka":5,"typ":"Pismeno_Lb","xhtml":"<var>d)</var> veřejné instituce, na něž se nevztahují <a data-odkaz-id=\"40048587\" href=\"#\"  class=\"int_odkaz\">písmena a) až c)</a>, nesmí po období, v němž výše dluhu činí nejméně 55 % hrubého domácího produktu, zřizovat nové závazky ze smluv, s výjimkou závazků týkajících se projektů spolufinancovaných z rozpočtu Evropské unie nebo závazků nezbytných k plnění rozhodnutí soudu nebo orgánu státní moci, vedoucí k navýšení dluhu sektoru veřejných institucí na dobu delší než jeden kalendářní rok.","souboroveDokumenty":null},{"fragmentId":8934691,"hloubka":3,"typ":"Paragraf","xhtml":"<var>§ 15</var>","souboroveDokumenty":null},{"fragmentId":8934693,"hloubka":4,"typ":"Odstavec_Dc","xhtml":"<var>(1)</var> Opatření podle <a data-odkaz-id=\"40048573\" href=\"#\"  class=\"int_odkaz\">§ 14</a> se neuplatní","souboroveDokumenty":null},{"fragmentId":8934695,"hloubka":5,"typ":"Pismeno_Lb","xhtml":"<var>a)</var> v případě významného zhoršení ekonomického vývoje po dobu 24 měsíců od prvního dne kalendářního měsíce následujícího po kalendářním měsíci, v němž Český statistický úřad ve čtvrtletních národních účtech zveřejní mezičtvrtletní pokles hrubého domácího produktu upraveného o cenové a sezónní vlivy a počet pracovních dní za poslední čtvrtletí o nejméně 2 % nebo meziroční pokles hrubého domácího produktu upraveného o cenové vlivy za poslední čtvrtletí o nejméně 3 %,","souboroveDokumenty":null},{"fragmentId":8934697,"hloubka":5,"typ":"Pismeno_Lb","xhtml":"<var>b)</var> v případě nouzového stavu, stavu ohrožení státu nebo válečného stavu,","souboroveDokumenty":null},{"fragmentId":8934699,"hloubka":5,"typ":"Pismeno_Lb","xhtml":"<var>c)</var> po dobu mimořádných opatření vyhlášených vládou ke zvýšení obranyschopnosti státu v případě zhoršování bezpečnostní situace státu, nebo","souboroveDokumenty":null},{"fragmentId":8934701,"hloubka":5,"typ":"Pismeno_Lb","xhtml":"<var>d)</var> po dobu 24 měsíců od prvního dne kalendářního měsíce následujícího po kalendářním měsíci, v němž ministerstvo zveřejní, že úhrn nezbytných výdajů státního rozpočtu spojených s odstraňováním následků živelních pohrom, které zasáhly území České republiky, a výdajů vyplývajících z plnění mezinárodních smluv a jiných mezinárodních závazků České republiky přesáhl 3 % nominálního hrubého domácího produktu.","souboroveDokumenty":null},{"fragmentId":8934703,"hloubka":4,"typ":"Odstavec_Dc","xhtml":"<var>(2)</var> Opatření omezující zřizování nových závazků ze smluv podle <a data-odkaz-id=\"40048517\" href=\"#\"  class=\"int_odkaz\">§ 14 písm. d)</a> se neuplatní pro veřejné instituce, které zřizují nové závazky související s plněním zákonných povinností Garančního systému finančního trhu, podle zákona upravujícího činnost bank<a data-odkaz-id=\"40048531\" href=\"#\"  class=\"int_odkaz\"><sup>14</sup>)</a>, zákona upravujícího činnost spořitelních a úvěrních družstev<a data-odkaz-id=\"40048545\" href=\"#\"  class=\"int_odkaz\"><sup>15</sup>)</a> nebo zákona upravujícího ozdravné postupy a řešení krize na finančním trhu<a data-odkaz-id=\"40048559\" href=\"#\"  class=\"int_odkaz\"><sup>16</sup>)</a>.","souboroveDokumenty":null},{"fragmentId":8934705,"hloubka":3,"typ":"Paragraf","xhtml":"<var>§ 16</var>","souboroveDokumenty":null},{"fragmentId":8934707,"hloubka":4,"typ":"Odstavec_Dc","xhtml":"Činí-li výše dluhu sektoru veřejných institucí více než 60 % nominálního hrubého domácího produktu, vláda navrhne opatření vedoucí ke snížení této výše<a data-odkaz-id=\"40048503\" href=\"#\"  class=\"int_odkaz\"><sup>17</sup>)</a>.","souboroveDokumenty":null},{"fragmentId":8934709,"hloubka":3,"typ":"Nadpis_nad","xhtml":"Hospodaření územního samosprávného celku","souboroveDokumenty":null},{"fragmentId":8934711,"hloubka":3,"typ":"Paragraf","xhtml":"<var>§ 17</var>","souboroveDokumenty":null},{"fragmentId":8934713,"hloubka":4,"typ":"Odstavec_Dc","xhtml":"<var>(1)</var> Územní samosprávný celek hospodaří v zájmu zdravých a udržitelných veřejných financí tak, aby výše jeho dluhu nepřekročila k rozvahovému dni 60 % průměru jeho příjmů za poslední 4 rozpočtové roky.","souboroveDokumenty":null},{"fragmentId":8934715,"hloubka":4,"typ":"Odstavec_Dc","xhtml":"<var>(2)</var> Překročí-li dluh územního samosprávného celku k rozvahovému dni 60 % průměru jeho příjmů za poslední 4 rozpočtové roky, územní samosprávný celek je povinen jej v následujícím kalendářním roce snížit nejméně o 5 % z rozdílu mezi výší svého dluhu a 60 % průměru svých příjmů za poslední 4 rozpočtové roky.","souboroveDokumenty":null},{"fragmentId":8934717,"hloubka":4,"typ":"Odstavec_Dc","xhtml":"<var>(3)</var> Nesníží-li územní samosprávný celek svůj dluh a jeho dluh k následujícímu rozvahovému dni převyšuje 60 % průměru jeho příjmů za poslední 4 rozpočtové roky, ministerstvo v následujícím kalendářním roce rozhodne podle zákona <a data-odkaz-id=\"40048491\" href=\"#\"  class=\"ext_odkaz\">o rozpočtovém určení daní</a> o pozastavení převodu jeho podílu na výnosu daní.","souboroveDokumenty":null},{"fragmentId":8934719,"hloubka":4,"typ":"Odstavec_Dc","xhtml":"<var>(4)</var> Příjmy územního samosprávného celku se pro účely tohoto zákona rozumí souhrn všech peněžitých plnění přijatých do rozpočtu<a data-odkaz-id=\"40048463\" href=\"#\"  class=\"int_odkaz\"><sup>13</sup>)</a> v průběhu rozpočtového roku, konsolidovaných podle jiného právního předpisu<a data-odkaz-id=\"40048477\" href=\"#\"  class=\"int_odkaz\"><sup>18</sup>)</a>.","souboroveDokumenty":null},{"fragmentId":8934721,"hloubka":4,"typ":"Odstavec_Dc","xhtml":"<var>(5)</var> Dluhem územního samosprávného celku se pro účely tohoto zákona rozumí hodnota nesplacených závazků z","souboroveDokumenty":null},{"fragmentId":8934723,"hloubka":5,"typ":"Pismeno_Lb","xhtml":"<var>a)</var> vydaných dluhopisů,","souboroveDokumenty":null},{"fragmentId":8934725,"hloubka":5,"typ":"Pismeno_Lb","xhtml":"<var>b)</var> přijatých úvěrů, zápůjček a návratných finančních výpomocí,","souboroveDokumenty":null},{"fragmentId":8934727,"hloubka":5,"typ":"Pismeno_Lb","xhtml":"<var>c)</var> realizace plnění ze záruk,","souboroveDokumenty":null},{"fragmentId":8935099,"hloubka":5,"typ":"Pismeno_Lb","xhtml":"<var>d)</var> vystavených směnek,","souboroveDokumenty":null},{"fragmentId":8935101,"hloubka":5,"typ":"Pismeno_Lb","xhtml":"<var>e)</var> veřejnoprávních a soukromoprávních vztahů s dobou splatnosti delší než 1 rok, s výjimkou závazků z transferů a závazků, jejichž cílem nebylo odložení splácení dluhů.","souboroveDokumenty":null},{"fragmentId":8934731,"hloubka":3,"typ":"Paragraf","xhtml":"<var>§ 18</var>","souboroveDokumenty":null},{"fragmentId":8935103,"hloubka":4,"typ":"Odstavec_Dc","xhtml":"Ministerstvo každý rok vyhodnocuje údaje o příjmech a dluzích územních samosprávných celků a ministr financí informuje o výsledcích hodnocení vládu. Současně ministerstvo uveřejňuje za každý územní samosprávný celek poměr výše dluhu k průměru jeho příjmů za poslední 4 rozpočtové roky a případnou výši povinného snížení dluhu podle <a data-odkaz-id=\"39997579\" href=\"#\"  class=\"int_odkaz\">§ 17 odst. 2.</a>","souboroveDokumenty":null},{"fragmentId":8934737,"hloubka":2,"typ":"Cast","xhtml":"<var>ČÁST TŘETÍ</var>","souboroveDokumenty":null},{"fragmentId":8934739,"hloubka":3,"typ":"Nadpis_pod","xhtml":"VÝBOR PRO ROZPOČTOVÉ PROGNÓZY","souboroveDokumenty":null},{"fragmentId":8934741,"hloubka":3,"typ":"Paragraf","xhtml":"<var>§ 19</var>","souboroveDokumenty":null},{"fragmentId":8934743,"hloubka":4,"typ":"Odstavec_Dc","xhtml":"<var>(1)</var> Zřizuje se Výbor pro rozpočtové prognózy (dále jen „Výbor“).","souboroveDokumenty":null},{"fragmentId":8934745,"hloubka":4,"typ":"Odstavec_Dc","xhtml":"<var>(2)</var> Výbor pro účely přípravy státního rozpočtu, rozpočtu státního fondu a rozpočtu zdravotní pojišťovny a jejich střednědobých výhledů pravidelně a souhrnně předem posuzuje makroekonomické a fiskální prognózy sektoru veřejných institucí zpracované ministerstvem, zejména z hlediska pravděpodobnosti jejich naplnění. Výsledek posouzení ministerstvo zveřejní a zohlední při svých prognózách.","souboroveDokumenty":null},{"fragmentId":8935065,"hloubka":4,"typ":"Odstavec_Dc","xhtml":"<var>(3)</var> Veřejné instituce s výjimkou veřejných institucí uvedených v <a data-odkaz-id=\"39997607\" href=\"#\"  class=\"int_odkaz\">§ 3 písm. h) až l)</a> použijí pro přípravu svého rozpočtu a střednědobého výhledu rozpočtu makroekonomickou a fiskální prognózu zpracovanou ministerstvem na základě nejnovějších informací, naposledy zveřejněnou ministerstvem a posouzenou Výborem.","souboroveDokumenty":null},{"fragmentId":8934749,"hloubka":3,"typ":"Paragraf","xhtml":"<var>§ 20</var>","souboroveDokumenty":null},{"fragmentId":8934751,"hloubka":4,"typ":"Odstavec_Dc","xhtml":"<var>(1)</var> Výbor se skládá z předsedy Výboru, místopředsedy Výboru a nejméně dalších 5 členů.","souboroveDokumenty":null},{"fragmentId":8934753,"hloubka":4,"typ":"Odstavec_Dc","xhtml":"<var>(2)</var> Předsedu Výboru a členy Výboru jmenuje vláda na návrh Rady na dobu 3 let.","souboroveDokumenty":null},{"fragmentId":8934755,"hloubka":4,"typ":"Odstavec_Dc","xhtml":"<var>(3)</var> Členství ve Výboru je čestnou funkcí.","souboroveDokumenty":null},{"fragmentId":8934757,"hloubka":4,"typ":"Odstavec_Dc","xhtml":"<var>(4)</var> Předpoklady pro funkci předsedy Výboru a členů Výboru, volba místopředsedy Výboru, jednání Výboru, práva a povinnosti členů Výboru, stanovení kritérií pro posuzování makroekonomických a fiskálních prognóz a vnitřní organizace Výboru se řídí statutem a jednacím řádem Výboru schváleným vládou na základě společného návrhu ministerstva a Rady.","souboroveDokumenty":null},{"fragmentId":8934759,"hloubka":4,"typ":"Odstavec_Dc","xhtml":"<var>(5)</var> Ministerstvo poskytuje Výboru nezbytné informace pro hodnocení prognóz a věcné podmínky pro jeho činnost.","souboroveDokumenty":null},{"fragmentId":8934761,"hloubka":4,"typ":"Odstavec_Dc","xhtml":"<var>(6)</var> Výdaje na činnost Výboru jsou hrazeny z rozpočtu ministerstva.","souboroveDokumenty":null},{"fragmentId":8934763,"hloubka":2,"typ":"Cast","xhtml":"<var>ČÁST ČTVRTÁ</var>","souboroveDokumenty":null},{"fragmentId":8934765,"hloubka":3,"typ":"Nadpis_pod","xhtml":"RADA","souboroveDokumenty":null},{"fragmentId":8934767,"hloubka":3,"typ":"Paragraf","xhtml":"<var>§ 21</var>","souboroveDokumenty":null},{"fragmentId":8934769,"hloubka":4,"typ":"Odstavec_Dc","xhtml":"<var>(1)</var> Rada je nezávislý odborný orgán, který působí v oblasti fiskální a rozpočtové politiky.","souboroveDokumenty":null},{"fragmentId":8934771,"hloubka":4,"typ":"Odstavec_Dc","xhtml":"<var>(2)</var> Rada","souboroveDokumenty":null},{"fragmentId":8934773,"hloubka":5,"typ":"Pismeno_Lb","xhtml":"<var>a)</var> hodnotí plnění číselných fiskálních pravidel, kterými jsou zejména pravidlo limitu výše dluhu, stanovení celkových výdajů sektoru veřejných institucí podle <a data-odkaz-id=\"40048413\" href=\"#\"  class=\"int_odkaz\">§ 10</a>, odvození výdajového rámce státního rozpočtu a státních fondů podle <a data-odkaz-id=\"40048427\" href=\"#\"  class=\"int_odkaz\">§ 12</a> a hospodaření územního samosprávného celku, a vypracovává a předkládá Poslanecké sněmovně zprávu o jejich plnění,","souboroveDokumenty":null},{"fragmentId":8935015,"hloubka":5,"typ":"Pismeno_Lb","xhtml":"<var>b)</var> zjišťuje výši dluhu a vyhlašuje ji ve Sbírce zákonů a mezinárodních smluv do 1 měsíce ode dne prvního zveřejnění výše dluhu sektoru veřejných institucí za předchozí kalendářní rok Českým statistickým úřadem,","souboroveDokumenty":null},{"fragmentId":8934777,"hloubka":5,"typ":"Pismeno_Lb","xhtml":"<var>c)</var> sleduje vývoj hospodaření sektoru veřejných institucí,","souboroveDokumenty":null},{"fragmentId":8934779,"hloubka":5,"typ":"Pismeno_Lb","xhtml":"<var>d)</var> s přihlédnutím k hospodářskému a společenskému rozvoji, zaměstnanosti a mezigenerační soudržnosti vypracovává a předkládá Poslanecké sněmovně zprávu o dlouhodobé udržitelnosti veřejných financí, která obsahuje hodnocení, jakým způsobem mohou plánované vládní politiky svými přímými dlouhodobými dopady pravděpodobně ovlivnit udržitelnost veřejných financí,","souboroveDokumenty":null},{"fragmentId":301459663,"hloubka":5,"typ":"Pismeno_Lb","xhtml":"<var>e)</var> vypracovává stanovisko k výpočtu hodnoty nápravné složky podle <a data-odkaz-id=\"71297701\" href=\"#\"  class=\"int_odkaz\">§ 11</a>,","souboroveDokumenty":null},{"fragmentId":301459665,"hloubka":5,"typ":"Pismeno_Lb","xhtml":"<var>f)</var> vypracovává a vládě a Poslanecké sněmovně předkládá stanovisko k dopadu navrhovaných úprav v oblasti důchodového pojištění na udržitelnost veřejných financí, pokud tyto návrhy podle vyhodnocení Rady významně ovlivní dlouhodobou finanční udržitelnost veřejných financí.","souboroveDokumenty":null},{"fragmentId":8934783,"hloubka":4,"typ":"Odstavec_Dc","xhtml":"<var>(3)</var> Stanoviska a zprávy Rada zveřejní bez zbytečného odkladu na svých internetových stránkách.","souboroveDokumenty":null},{"fragmentId":8934785,"hloubka":3,"typ":"Paragraf","xhtml":"<var>§ 22</var>","souboroveDokumenty":null},{"fragmentId":8934787,"hloubka":4,"typ":"Odstavec_Dc","xhtml":"Rada si může vyžádat informace a součinnost veřejných institucí související s plněním činností v rámci její působnosti a ty jsou v mezích své působnosti povinny součinnost a informace Radě poskytnout.","souboroveDokumenty":null},{"fragmentId":8934789,"hloubka":3,"typ":"Paragraf","xhtml":"<var>§ 23</var>","souboroveDokumenty":null},{"fragmentId":8934791,"hloubka":4,"typ":"Odstavec_Dc","xhtml":"<var>(1)</var> Funkce člena Rady je veřejnou funkcí.","souboroveDokumenty":null},{"fragmentId":8934793,"hloubka":4,"typ":"Odstavec_Dc","xhtml":"<var>(2)</var> Členové Rady vykonávají své funkce osobně a pro jejich výkon nesmějí přijímat ani vyžadovat pokyny od jiného orgánu nebo osoby.","souboroveDokumenty":null},{"fragmentId":8934795,"hloubka":4,"typ":"Odstavec_Dc","xhtml":"<var>(3)</var> Rada každoročně zpracuje a zveřejní plán své činnosti na svých internetových stránkách.","souboroveDokumenty":null},{"fragmentId":8934797,"hloubka":4,"typ":"Odstavec_Dc","xhtml":"<var>(4)</var> Rada schvaluje návrh rozpočtu Úřadu Rady, včetně jeho změn, střednědobý výhled rozpočtu na 2 další následující rozpočtové roky a závěrečný účet kapitoly státního rozpočtu.","souboroveDokumenty":null},{"fragmentId":8934799,"hloubka":4,"typ":"Odstavec_Dc","xhtml":"<var>(5)</var> Rada schvaluje jednací řád Rady.","souboroveDokumenty":null},{"fragmentId":8934801,"hloubka":3,"typ":"Paragraf","xhtml":"<var>§ 24</var>","souboroveDokumenty":null},{"fragmentId":8934803,"hloubka":4,"typ":"Odstavec_Dc","xhtml":"<var>(1)</var> Rada se skládá z předsedy a 2 dalších členů.","souboroveDokumenty":null},{"fragmentId":8934805,"hloubka":4,"typ":"Odstavec_Dc","xhtml":"<var>(2)</var> Předseda Rady jedná jménem Rady navenek.","souboroveDokumenty":null},{"fragmentId":8934807,"hloubka":4,"typ":"Odstavec_Dc","xhtml":"<var>(3)</var> Předseda Rady je oprávněn zúčastnit se s hlasem poradním schůze vlády a jednání Výboru. Požádá-li předseda Rady o slovo, musí mu být uděleno.","souboroveDokumenty":null},{"fragmentId":8934809,"hloubka":4,"typ":"Odstavec_Dc","xhtml":"<var>(4)</var> Předseda Rady se účastní schůzí Poslanecké sněmovny, Senátu nebo jejich orgánů, pokud jsou projednávány zprávy nebo stanoviska Rady. Požádá-li předseda Rady o slovo, musí mu být uděleno.","souboroveDokumenty":null},{"fragmentId":8934811,"hloubka":3,"typ":"Paragraf","xhtml":"<var>§ 25</var>","souboroveDokumenty":null},{"fragmentId":8934813,"hloubka":4,"typ":"Odstavec_Dc","xhtml":"<var>(1)</var> Předsedu Rady volí Poslanecká sněmovna na návrh vlády.","souboroveDokumenty":null},{"fragmentId":8934815,"hloubka":4,"typ":"Odstavec_Dc","xhtml":"<var>(2)</var> Další 2 členy volí Poslanecká sněmovna, po jednom na návrh Senátu a na návrh České národní banky.","souboroveDokumenty":null},{"fragmentId":8934817,"hloubka":4,"typ":"Odstavec_Dc","xhtml":"<var>(3)</var> Není-li člen Rady navržen tím, kdo je oprávněn jej navrhnout do 6 měsíců ode dne zániku nebo skončení funkce člena Rady, může být navržen jednou pětinou všech poslanců Poslanecké sněmovny.","souboroveDokumenty":null},{"fragmentId":8934819,"hloubka":4,"typ":"Odstavec_Dc","xhtml":"<var>(4)</var> Není-li člen Rady zvolen podle <a data-odkaz-id=\"40048371\" href=\"#\"  class=\"int_odkaz\">odstavců 1</a> a <a data-odkaz-id=\"40048385\" href=\"#\"  class=\"int_odkaz\">2</a> do 60 dnů ode dne předložení návrhu Poslanecké sněmovně jen proto, že Poslanecká sněmovna v uvedené lhůtě o této věci nehlasovala, platí, že Poslanecká sněmovna s návrhem souhlasí.","souboroveDokumenty":null},{"fragmentId":8934821,"hloubka":3,"typ":"Paragraf","xhtml":"<var>§ 26</var>","souboroveDokumenty":null},{"fragmentId":8934823,"hloubka":4,"typ":"Odstavec_Dc","xhtml":"<var>(1)</var> Členem Rady může být zvolena pouze fyzická osoba, která","souboroveDokumenty":null},{"fragmentId":8934825,"hloubka":5,"typ":"Pismeno_Lb","xhtml":"<var>a)</var> je plně svéprávná,","souboroveDokumenty":null},{"fragmentId":8934827,"hloubka":5,"typ":"Pismeno_Lb","xhtml":"<var>b)</var> nebyla pravomocně odsouzena pro úmyslný trestný čin,","souboroveDokumenty":null},{"fragmentId":8934829,"hloubka":5,"typ":"Pismeno_Lb","xhtml":"<var>c)</var> má ukončené vysokoškolské vzdělání v magisterském studijním programu a","souboroveDokumenty":null},{"fragmentId":8934831,"hloubka":5,"typ":"Pismeno_Lb","xhtml":"<var>d)</var> je v oboru financí či makroekonomie uznávanou a zkušenou osobností s praxí v oboru v délce nejméně 10 let.","souboroveDokumenty":null},{"fragmentId":8934833,"hloubka":4,"typ":"Odstavec_Dc","xhtml":"<var>(2)</var> Nikdo nemůže být zvolen do funkce člena Rady více než dvakrát.","souboroveDokumenty":null},{"fragmentId":8934835,"hloubka":3,"typ":"Paragraf","xhtml":"<var>§ 27</var>","souboroveDokumenty":null},{"fragmentId":8934837,"hloubka":4,"typ":"Odstavec_Dc","xhtml":"<var>(1)</var> S funkcí člena Rady je neslučitelná","souboroveDokumenty":null},{"fragmentId":8934839,"hloubka":5,"typ":"Pismeno_Lb","xhtml":"<var>a)</var> funkce v politické straně nebo v politickém hnutí,","souboroveDokumenty":null},{"fragmentId":8934841,"hloubka":5,"typ":"Pismeno_Lb","xhtml":"<var>b)</var> členství v řídících, dozorčích a kontrolních orgánech podnikající právnické osoby,","souboroveDokumenty":null},{"fragmentId":8934843,"hloubka":5,"typ":"Pismeno_Lb","xhtml":"<var>c)</var> funkce poslance, nebo senátora Parlamentu České republiky,","souboroveDokumenty":null},{"fragmentId":8934845,"hloubka":5,"typ":"Pismeno_Lb","xhtml":"<var>d)</var> funkce člena vlády,","souboroveDokumenty":null},{"fragmentId":8934847,"hloubka":5,"typ":"Pismeno_Lb","xhtml":"<var>e)</var> funkce soudce,","souboroveDokumenty":null},{"fragmentId":8934849,"hloubka":5,"typ":"Pismeno_Lb","xhtml":"<var>f)</var> funkce soudce Ústavního soudu,","souboroveDokumenty":null},{"fragmentId":8934851,"hloubka":5,"typ":"Pismeno_Lb","xhtml":"<var>g)</var> funkce státního zástupce,","souboroveDokumenty":null},{"fragmentId":8934853,"hloubka":5,"typ":"Pismeno_Lb","xhtml":"<var>h)</var> funkce poslance Evropského parlamentu,","souboroveDokumenty":null},{"fragmentId":8934855,"hloubka":5,"typ":"Pismeno_Lb","xhtml":"<var>i)</var> funkce člena Evropské komise,","souboroveDokumenty":null},{"fragmentId":8934857,"hloubka":5,"typ":"Pismeno_Lb","xhtml":"<var>j)</var> funkce uvolněného člena zastupitelstva územního samosprávného celku,","souboroveDokumenty":null},{"fragmentId":8934859,"hloubka":5,"typ":"Pismeno_Lb","xhtml":"<var>k)</var> funkce člena bankovní rady České národní banky,","souboroveDokumenty":null},{"fragmentId":8934861,"hloubka":5,"typ":"Pismeno_Lb","xhtml":"<var>l)</var> výdělečná činnost s výjimkou činnosti vědecké, literární, publicistické, umělecké a pedagogické a s výjimkou správy vlastního majetku,","souboroveDokumenty":null},{"fragmentId":8934863,"hloubka":5,"typ":"Pismeno_Lb","xhtml":"<var>m)</var> jakákoliv jiná činnost, která může způsobit střet zájmů mezi prováděním této činnosti a činností člena Rady.","souboroveDokumenty":null},{"fragmentId":8934865,"hloubka":4,"typ":"Odstavec_Dc","xhtml":"<var>(2)</var> Členem Rady nesmí být zvolena osoba, která nesplňuje předpoklady podle zákona stanovujícího předpoklady pro výkon některých funkcí ve státních orgánech a organizacích<a data-odkaz-id=\"40048357\" href=\"#\"  class=\"int_odkaz\"><sup>19</sup>)</a> nebo která v předchozích 3 letech vykonávala funkci prezidenta republiky, člena vlády, člena bankovní rady České národní banky, poslance či senátora Parlamentu.","souboroveDokumenty":null},{"fragmentId":8934867,"hloubka":3,"typ":"Paragraf","xhtml":"<var>§ 28</var>","souboroveDokumenty":null},{"fragmentId":8934869,"hloubka":4,"typ":"Odstavec_Dc","xhtml":"<var>(1)</var> Funkční období člena Rady je 6 let.","souboroveDokumenty":null},{"fragmentId":8934871,"hloubka":4,"typ":"Odstavec_Dc","xhtml":"<var>(2)</var> Funkční období počíná dnem zvolení, je-li funkce člena Rady neobsazena, jinak dnem následujícím po dni skončení funkčního období dosavadního člena Rady, za něhož je nový člen Rady zvolen. Nový člen Rady se volí nejpozději 2 měsíce před řádným uplynutím funkčního období člena Rady. V ostatních případech je člen Rady do funkce navržen tak, aby období ode dne zániku funkce člena Rady do dne zvolení nového člena Rady nebylo delší než 90 dní.","souboroveDokumenty":null},{"fragmentId":8934873,"hloubka":4,"typ":"Odstavec_Dc","xhtml":"<var>(3)</var> Člen Rady, jehož funkční období skončilo, vykonává svou funkci do dne složení slibu nově zvoleného člena Rady.","souboroveDokumenty":null},{"fragmentId":8934875,"hloubka":3,"typ":"Paragraf","xhtml":"<var>§ 29</var>","souboroveDokumenty":null},{"fragmentId":8934877,"hloubka":4,"typ":"Odstavec_Dc","xhtml":"<var>(1)</var> Člen Rady se ujímá výkonu funkce složením slibu do rukou předsedy Poslanecké sněmovny, ne však dříve než dnem následujícím po dni, kdy zanikla funkce dosavadního člena Rady.","souboroveDokumenty":null},{"fragmentId":8934879,"hloubka":4,"typ":"Odstavec_Dc","xhtml":"<var>(2)</var> Slib člena Rady zní: „Slibuji na svou čest a svědomí, že funkci člena Národní rozpočtové rady budu vykonávat nezávisle a nestranně, v souladu s právním řádem České republiky.“","souboroveDokumenty":null},{"fragmentId":8934881,"hloubka":4,"typ":"Odstavec_Dc","xhtml":"<var>(3)</var> Odmítne-li člen Rady složit slib nebo složí-li slib s výhradou, hledí se na něj, jako by nebyl zvolen.","souboroveDokumenty":null},{"fragmentId":8934883,"hloubka":3,"typ":"Paragraf","xhtml":"<var>§ 30</var>","souboroveDokumenty":null},{"fragmentId":8934885,"hloubka":4,"typ":"Odstavec_Dc","xhtml":"<var>(1)</var> Funkce člena Rady zaniká","souboroveDokumenty":null},{"fragmentId":8934887,"hloubka":5,"typ":"Pismeno_Lb","xhtml":"<var>a)</var> uplynutím funkčního období,","souboroveDokumenty":null},{"fragmentId":8934889,"hloubka":5,"typ":"Pismeno_Lb","xhtml":"<var>b)</var> dnem bezprostředně následujícím po dni doručení písemně učiněného vzdání se funkce předsedovi Poslanecké sněmovny, anebo pozdějším dnem uvedeným v doručeném vzdání se funkce,","souboroveDokumenty":null},{"fragmentId":8934891,"hloubka":5,"typ":"Pismeno_Lb","xhtml":"<var>c)</var> dnem nabytí právní moci rozsudku, jímž byla omezena jeho svéprávnost,","souboroveDokumenty":null},{"fragmentId":8934893,"hloubka":5,"typ":"Pismeno_Lb","xhtml":"<var>d)</var> dnem nabytí právní moci rozsudku, jímž byl odsouzen pro úmyslný trestný čin, nebo","souboroveDokumenty":null},{"fragmentId":8934895,"hloubka":5,"typ":"Pismeno_Lb","xhtml":"<var>e)</var> smrtí, prohlášením za nezvěstného nebo prohlášením za mrtvého.","souboroveDokumenty":null},{"fragmentId":8934897,"hloubka":4,"typ":"Odstavec_Dc","xhtml":"<var>(2)</var> Poslanecká sněmovna odvolá člena Rady, začal-li vykonávat funkci nebo činnost neslučitelnou s funkcí člena Rady podle <a data-odkaz-id=\"40048343\" href=\"#\"  class=\"int_odkaz\">§ 27 odst. 1.</a>","souboroveDokumenty":null},{"fragmentId":8934899,"hloubka":4,"typ":"Odstavec_Dc","xhtml":"<var>(3)</var> Člen Rady může být Poslaneckou sněmovnou odvolán ze své funkce, nevykonává-li funkci po dobu delší než 6 měsíců.","souboroveDokumenty":null},{"fragmentId":8934901,"hloubka":3,"typ":"Paragraf","xhtml":"<var>§ 31</var>","souboroveDokumenty":null},{"fragmentId":8934903,"hloubka":4,"typ":"Odstavec_Dc","xhtml":"<var>(1)</var> Rada zasedá nejméně dvakrát za kalendářní měsíc. Zasedání Rady svolává předseda Rady nebo jiný člen Rady, nebyl-li její předseda dosud zvolen. Požádá-li písemně některý z členů Rady o svolání mimořádného zasedání, svolá předseda Rady toto zasedání bezodkladně.","souboroveDokumenty":null},{"fragmentId":8934905,"hloubka":4,"typ":"Odstavec_Dc","xhtml":"<var>(2)</var> Rada je usnášeníschopná, je-li přítomna většina členů Rady. Rada přijímá svá rozhodnutí většinou hlasů členů Rady.","souboroveDokumenty":null},{"fragmentId":8934907,"hloubka":4,"typ":"Odstavec_Dc","xhtml":"<var>(3)</var> Jednání Rady se řídí jednacím řádem Rady.","souboroveDokumenty":null},{"fragmentId":8934909,"hloubka":4,"typ":"Odstavec_Dc","xhtml":"<var>(4)</var> Sídlem Rady je Praha.","souboroveDokumenty":null},{"fragmentId":8934911,"hloubka":3,"typ":"Paragraf","xhtml":"<var>§ 32</var>","souboroveDokumenty":null},{"fragmentId":8934913,"hloubka":4,"typ":"Odstavec_Dc","xhtml":"<var>(1)</var> Zřizuje se Úřad Rady, který zajišťuje úkoly spojené s odborným, organizačním, administrativním, personálním a technickým zabezpečením činnosti Rady. V čele Úřadu Rady stojí vedoucí Úřadu Rady.","souboroveDokumenty":null},{"fragmentId":8934915,"hloubka":4,"typ":"Odstavec_Dc","xhtml":"<var>(2)</var> Úřad Rady je organizační složkou státu a účetní jednotkou. V pracovněprávních vztazích jedná jménem státu vedoucí Úřadu Rady.","souboroveDokumenty":null},{"fragmentId":8934917,"hloubka":4,"typ":"Odstavec_Dc","xhtml":"<var>(3)</var> Vedoucího Úřadu Rady jmenuje a odvolává Rada. Vedoucí Úřadu Rady je podřízen předsedovi Rady.","souboroveDokumenty":null},{"fragmentId":8934919,"hloubka":3,"typ":"Paragraf","xhtml":"<var>§ 33</var>","souboroveDokumenty":null},{"fragmentId":8934921,"hloubka":4,"typ":"Odstavec_Dc","xhtml":"<var>(1)</var> Výdaje na činnost Rady a Úřadu Rady jsou hrazeny ze samostatné kapitoly státního rozpočtu.","souboroveDokumenty":null},{"fragmentId":8934923,"hloubka":4,"typ":"Odstavec_Dc","xhtml":"<var>(2)</var> Rada předkládá návrh rozpočtu a střednědobý výhled rozpočtu Úřadu Rady na 2 další roky ministerstvu a Rozpočtovému výboru Poslanecké sněmovny.","souboroveDokumenty":null},{"fragmentId":8934925,"hloubka":4,"typ":"Odstavec_Dc","xhtml":"<var>(3)</var> Výroční zprávu podle zákona <a data-odkaz-id=\"40048329\" href=\"#\"  class=\"ext_odkaz\">o účetnictví</a> a zprávu o plnění rozpočtu Rada předkládá nejpozději do 3 měsíců po skončení kalendářního roku ministerstvu a Rozpočtovému výboru Poslanecké sněmovny. Výroční zprávu Rada zveřejní na svých internetových stránkách.","souboroveDokumenty":null},{"fragmentId":8934927,"hloubka":4,"typ":"Odstavec_Dc","xhtml":"<var>(4)</var> Účetní závěrka Úřadu Rady je ověřována auditorem.","souboroveDokumenty":null},{"fragmentId":8934929,"hloubka":1,"typ":"Virtual_Zaver","xhtml":null,"souboroveDokumenty":null},{"fragmentId":8934931,"hloubka":2,"typ":"Cast","xhtml":"<var>ČÁST PÁTÁ</var>","souboroveDokumenty":null},{"fragmentId":8934933,"hloubka":3,"typ":"Nadpis_pod","xhtml":"PŘECHODNÁ A ZÁVĚREČNÁ USTANOVENÍ","souboroveDokumenty":null},{"fragmentId":8934935,"hloubka":3,"typ":"Paragraf","xhtml":"<var>§ 34</var>","souboroveDokumenty":null},{"fragmentId":8934937,"hloubka":4,"typ":"Nadpis_pod","xhtml":"Přechodná ustanovení","souboroveDokumenty":null},{"fragmentId":301460907,"hloubka":4,"typ":"Block_Prechodne_Ustanoveni_Nov","xhtml":null,"souboroveDokumenty":null},{"fragmentId":8934939,"hloubka":5,"typ":"Odstavec_Dc","xhtml":"<var>(1)</var> Veřejná instituce, která přede dnem nabytí účinnosti tohoto zákona neměla povinnost sestavit rozpočet, přiloží k návrhu rozpočtu podle <a data-odkaz-id=\"40048315\" href=\"#\"  class=\"int_odkaz\">§ 5 odst. 3</a> informace o schváleném rozpočtu na běžný rok, údaje o očekávaných skutečnostech běžného roku a údaje o skutečném plnění rozpočtu za předcházející rok poprvé v roce 2019.","souboroveDokumenty":null},{"fragmentId":8934941,"hloubka":5,"typ":"Odstavec_Dc","xhtml":"<var>(2)</var> Ministerstvo navyšuje částku stanovenou podle <a data-odkaz-id=\"40048301\" href=\"#\"  class=\"int_odkaz\">§ 10 odst. 1</a> pro rok","souboroveDokumenty":null},{"fragmentId":8934943,"hloubka":6,"typ":"Pismeno_Lb","xhtml":"<var>a)</var> 2018 až o výši 0,5 % ministerstvem prognózovaného nominálního hrubého domácího produktu na rok 2018,","souboroveDokumenty":null},{"fragmentId":8934945,"hloubka":6,"typ":"Pismeno_Lb","xhtml":"<var>b)</var> 2019 až o výši 0,25 % ministerstvem prognózovaného nominálního hrubého domácího produktu na rok 2019.","souboroveDokumenty":null},{"fragmentId":8934947,"hloubka":5,"typ":"Odstavec_Dc","xhtml":"<var>(3)</var> Pro účely <a data-odkaz-id=\"40048287\" href=\"#\"  class=\"int_odkaz\">§ 11</a> se částka celkových výdajů sektoru veřejných institucí za rok","souboroveDokumenty":null},{"fragmentId":8934949,"hloubka":6,"typ":"Pismeno_Lb","xhtml":"<var>a)</var> 2018 vypočtená zpětně v roce 2019 navyšuje o částku použitou ministerstvem v roce 2018 podle <a data-odkaz-id=\"40048273\" href=\"#\"  class=\"int_odkaz\">odstavce 2 písm. a)</a>,","souboroveDokumenty":null},{"fragmentId":8934951,"hloubka":6,"typ":"Pismeno_Lb","xhtml":"<var>b)</var> 2019 vypočtená zpětně v roce 2020 navyšuje o částku použitou ministerstvem v roce 2019 podle <a data-odkaz-id=\"40048259\" href=\"#\"  class=\"int_odkaz\">odstavce 2 písm. b)</a>.","souboroveDokumenty":null},{"fragmentId":8934953,"hloubka":5,"typ":"Odstavec_Dc","xhtml":"<var>(4)</var> Postup podle <a data-odkaz-id=\"40048231\" href=\"#\"  class=\"int_odkaz\">§ 11</a> se uplatní poprvé v roce 2019. Výše nápravné složky z předchozího roku podle <a data-odkaz-id=\"40048245\" href=\"#\"  class=\"int_odkaz\">§ 11 odst. 1</a> se v roce 2019 stanoví jako nulová hodnota.","souboroveDokumenty":null},{"fragmentId":8934955,"hloubka":5,"typ":"Odstavec_Dc","xhtml":"<var>(5)</var> Při první volbě členů Rady podle <a data-odkaz-id=\"40048217\" href=\"#\"  class=\"int_odkaz\">§ 25</a> po nabytí účinnosti tohoto zákona je funkční období předsedy Rady 6 let, člena navrženého Senátem 4 roky a člena navrženého Českou národní bankou 2 roky.","souboroveDokumenty":null},{"fragmentId":8934957,"hloubka":3,"typ":"Paragraf","xhtml":"<var>§ 35</var>","souboroveDokumenty":null},{"fragmentId":8934959,"hloubka":4,"typ":"Nadpis_pod","xhtml":"Účinnost","souboroveDokumenty":null},{"fragmentId":301460813,"hloubka":4,"typ":"Block_Ucinnostni_Ustanoveni","xhtml":null,"souboroveDokumenty":null},{"fragmentId":8934961,"hloubka":5,"typ":"Odstavec_Dc","xhtml":"Tento zákon nabývá účinnosti dnem 1. ledna 2017, s výjimkou <a data-odkaz-id=\"40048205\" href=\"#\"  class=\"int_odkaz\">§ 17 odst. 3</a>, který nabývá účinnosti dnem 1. ledna 2018.","souboroveDokumenty":null},{"fragmentId":8934963,"hloubka":1,"typ":"Virtual_Postfix","xhtml":null,"souboroveDokumenty":null},{"fragmentId":8934965,"hloubka":2,"typ":"Postfix","xhtml":"Hamáček v. r.","souboroveDokumenty":null},{"fragmentId":8934967,"hloubka":2,"typ":"Postfix","xhtml":"Zeman v. r.","souboroveDokumenty":null},{"fragmentId":8934969,"hloubka":2,"typ":"Postfix","xhtml":"Sobotka v. r.","souboroveDokumenty":null},{"fragmentId":8934971,"hloubka":1,"typ":"Virtual_PPC","xhtml":null,"souboroveDokumenty":null},{"fragmentId":8934973,"hloubka":2,"typ":"PPC","xhtml":"<var><sup>1</sup>)</var> Směrnice Rady <a data-odkaz-id=\"42572807\" href=\"#\"  class=\"ext_odkaz\" data-eurlex=\"true\" data-celexid=\"32011L0085\" data-cellarid=\"014853a2-4c93-44ee-8245-0a5d67214432\" data-orig-href=\"http://eur-lex.europa.eu/legal-content/CS/AUTO/?uri=cellar:014853a2-4c93-44ee-8245-0a5d67214432\">2011/85/EU</a> ze dne 8. listopadu 2011 o požadavcích na rozpočtové rámce členských států.","souboroveDokumenty":null},{"fragmentId":8934975,"hloubka":2,"typ":"PPC","xhtml":"<var><sup>2</sup>)</var> Nařízení Rady (ES) č. <a data-odkaz-id=\"42572821\" href=\"#\"  class=\"ext_odkaz\" data-eurlex=\"true\" data-celexid=\"31997R1466\" data-cellarid=\"509d41f6-5829-4bf9-aa9c-880ddb96cecb\" data-orig-href=\"http://eur-lex.europa.eu/legal-content/CS/AUTO/?uri=cellar:509d41f6-5829-4bf9-aa9c-880ddb96cecb\">1466/1997</a> ze dne 7. července 1997 o posílení dohledu nad stavy rozpočtů a nad hospodářskými politikami a o posílení koordinace hospodářských politik, v platném znění.<br/> Nařízení Rady (ES) č. <a data-odkaz-id=\"42572835\" href=\"#\"  class=\"ext_odkaz\" data-eurlex=\"true\" data-celexid=\"31997R1467\" data-cellarid=\"ae929f3c-9e32-4da9-a9c6-1adae414970a\" data-orig-href=\"http://eur-lex.europa.eu/legal-content/CS/AUTO/?uri=cellar:ae929f3c-9e32-4da9-a9c6-1adae414970a\">1467/1997</a> ze dne 7. července 1997 o urychlení a vyjasnění postupu při nadměrném schodku, v platném znění.<br/> Nařízení Rady (ES) č. <a data-odkaz-id=\"42572849\" href=\"#\"  class=\"ext_odkaz\" data-eurlex=\"true\" data-celexid=\"32009R0479\" data-cellarid=\"2c0f7612-1bcf-4aff-b34b-a80517154b0e\" data-orig-href=\"http://eur-lex.europa.eu/legal-content/CS/AUTO/?uri=cellar:2c0f7612-1bcf-4aff-b34b-a80517154b0e\">479/2009</a> ze dne 25. května 2009 o použití Protokolu o postupu při nadměrném schodku, připojeného ke Smlouvě o založení Evropského společenství (kodifikované znění), v platném znění.","souboroveDokumenty":null},{"fragmentId":8934977,"hloubka":2,"typ":"PPC","xhtml":"<var><sup>3</sup>)</var> Nařízení Evropského parlamentu a Rady (EU) č. <a data-odkaz-id=\"42572863\" href=\"#\"  class=\"ext_odkaz\" data-eurlex=\"true\" data-celexid=\"32013R0549\" data-cellarid=\"41239b25-9bba-4c36-9b25-926d90511bb3\" data-orig-href=\"http://eur-lex.europa.eu/legal-content/CS/AUTO/?uri=cellar:41239b25-9bba-4c36-9b25-926d90511bb3\">549/2013</a> ze dne 21. května 2013 o Evropském systému národních a regionálních účtů v Evropské unii.","souboroveDokumenty":null},{"fragmentId":8934979,"hloubka":2,"typ":"PPC","xhtml":"<var><sup>4</sup>)</var> <a data-odkaz-id=\"40048163\" href=\"#\"  class=\"ext_odkaz\">§ 4 odst. 8 písm. d)</a> a <a data-odkaz-id=\"40048177\" href=\"#\"  class=\"ext_odkaz\">§ 18 odst. 1 písm. c)</a> <a data-odkaz-id=\"40048191\" href=\"#\"  class=\"ext_odkaz\">zákona č. 563/1991 Sb., o účetnictví</a>, ve znění pozdějších předpisů.","souboroveDokumenty":null},{"fragmentId":8934981,"hloubka":2,"typ":"PPC","xhtml":"<var><sup>5</sup>)</var> Odstavce 2.51 a 2.71 Přílohy A nařízení Evropského parlamentu a Rady (EU) č. <a data-odkaz-id=\"42572877\" href=\"#\"  class=\"ext_odkaz\" data-eurlex=\"true\" data-celexid=\"32013R0549\" data-cellarid=\"41239b25-9bba-4c36-9b25-926d90511bb3\" data-orig-href=\"http://eur-lex.europa.eu/legal-content/CS/AUTO/?uri=cellar:41239b25-9bba-4c36-9b25-926d90511bb3\">549/2013</a>.","souboroveDokumenty":null},{"fragmentId":8934983,"hloubka":2,"typ":"PPC","xhtml":"<var><sup>6</sup>)</var> Čl. 7 nařízení Rady (ES) č. <a data-odkaz-id=\"42572891\" href=\"#\"  class=\"ext_odkaz\" data-eurlex=\"true\" data-celexid=\"31997R1466\" data-cellarid=\"509d41f6-5829-4bf9-aa9c-880ddb96cecb\" data-orig-href=\"http://eur-lex.europa.eu/legal-content/CS/AUTO/?uri=cellar:509d41f6-5829-4bf9-aa9c-880ddb96cecb\">1466/1997</a>, v platném znění.","souboroveDokumenty":null},{"fragmentId":8934985,"hloubka":2,"typ":"PPC","xhtml":"<var><sup>7</sup>)</var> Nařízení Rady (ES) č. <a data-odkaz-id=\"42572905\" href=\"#\"  class=\"ext_odkaz\" data-eurlex=\"true\" data-celexid=\"31997R1466\" data-cellarid=\"509d41f6-5829-4bf9-aa9c-880ddb96cecb\" data-orig-href=\"http://eur-lex.europa.eu/legal-content/CS/AUTO/?uri=cellar:509d41f6-5829-4bf9-aa9c-880ddb96cecb\">1466/1997</a>, v platném znění.","souboroveDokumenty":null},{"fragmentId":8934987,"hloubka":2,"typ":"PPC","xhtml":"<var><sup>8</sup>)</var> Čl. 2a nařízení Rady (ES) č. <a data-odkaz-id=\"42572919\" href=\"#\"  class=\"ext_odkaz\" data-eurlex=\"true\" data-celexid=\"31997R1466\" data-cellarid=\"509d41f6-5829-4bf9-aa9c-880ddb96cecb\" data-orig-href=\"http://eur-lex.europa.eu/legal-content/CS/AUTO/?uri=cellar:509d41f6-5829-4bf9-aa9c-880ddb96cecb\">1466/1997</a>, v platném znění.","souboroveDokumenty":null},{"fragmentId":8934989,"hloubka":2,"typ":"PPC","xhtml":"<var><sup>9</sup>)</var> <a data-odkaz-id=\"39997779\" href=\"#\"  class=\"ext_odkaz\">Zákon č. 592/1992 Sb.</a>, o pojistném na veřejné zdravotní pojištění, ve znění pozdějších předpisů.","souboroveDokumenty":null},{"fragmentId":8934991,"hloubka":2,"typ":"PPC","xhtml":"<var><sup>10</sup>)</var> <a data-odkaz-id=\"39997765\" href=\"#\"  class=\"ext_odkaz\">Zákon č. 218/2000 Sb.</a>, o rozpočtových pravidlech, ve znění pozdějších předpisů.","souboroveDokumenty":null},{"fragmentId":8934993,"hloubka":2,"typ":"PPC","xhtml":"<var><sup>11</sup>)</var> Článek 1 a čl. 3 odst. 2 nařízení Rady (ES) č. <a data-odkaz-id=\"42572933\" href=\"#\"  class=\"ext_odkaz\" data-eurlex=\"true\" data-celexid=\"32009R0479\" data-cellarid=\"2c0f7612-1bcf-4aff-b34b-a80517154b0e\" data-orig-href=\"http://eur-lex.europa.eu/legal-content/CS/AUTO/?uri=cellar:2c0f7612-1bcf-4aff-b34b-a80517154b0e\">479/2009</a>.","souboroveDokumenty":null},{"fragmentId":8934995,"hloubka":2,"typ":"PPC","xhtml":"<var><sup>12</sup>)</var> <a data-odkaz-id=\"39997737\" href=\"#\"  class=\"ext_odkaz\">Zákon č. 551/1991 Sb., o Všeobecné zdravotní pojišťovně České republiky</a>, ve znění pozdějších předpisů. <br/> <a data-odkaz-id=\"39997751\" href=\"#\"  class=\"ext_odkaz\">Zákon č. 280/1992 Sb., o resortních, oborových, podnikových a dalších zdravotních pojišťovnách</a>, ve znění pozdějších předpisů.","souboroveDokumenty":null},{"fragmentId":8934997,"hloubka":2,"typ":"PPC","xhtml":"<var><sup>13</sup>)</var> <a data-odkaz-id=\"39997723\" href=\"#\"  class=\"ext_odkaz\">Zákon č. 250/2000 Sb., o rozpočtových pravidlech územních rozpočtů</a>, ve znění pozdějších předpisů.","souboroveDokumenty":null},{"fragmentId":8934999,"hloubka":2,"typ":"PPC","xhtml":"<var><sup>14</sup>)</var> <a data-odkaz-id=\"39997709\" href=\"#\"  class=\"ext_odkaz\">Zákon č. 21/1992 Sb., o bankách</a>, ve znění pozdějších předpisů.","souboroveDokumenty":null},{"fragmentId":8935001,"hloubka":2,"typ":"PPC","xhtml":"<var><sup>15</sup>)</var> <a data-odkaz-id=\"39997681\" href=\"#\"  class=\"ext_odkaz\">Zákon č. 87/1995 Sb., o spořitelních a úvěrních družstvech a některých opatřeních s tím souvisejících a o doplnění zákona České národní rady č. 586/1992 Sb., o daních z příjmů, ve znění pozdějších předpisů</a>.","souboroveDokumenty":null},{"fragmentId":8935003,"hloubka":2,"typ":"PPC","xhtml":"<var><sup>16</sup>)</var> <a data-odkaz-id=\"39997667\" href=\"#\"  class=\"ext_odkaz\">Zákon č. 374/2015 Sb., o ozdravných postupech a řešení krize na finančním trhu</a>.","souboroveDokumenty":null},{"fragmentId":8935005,"hloubka":2,"typ":"PPC","xhtml":"<var><sup>17</sup>)</var> Článek 2 odst. 1a nařízení Rady (ES) č. <a data-odkaz-id=\"42579809\" href=\"#\"  class=\"ext_odkaz\" data-eurlex=\"true\" data-celexid=\"31997R1467\" data-cellarid=\"ae929f3c-9e32-4da9-a9c6-1adae414970a\" data-orig-href=\"http://eur-lex.europa.eu/legal-content/CS/AUTO/?uri=cellar:ae929f3c-9e32-4da9-a9c6-1adae414970a\">1467/1997</a>.","souboroveDokumenty":null},{"fragmentId":8935007,"hloubka":2,"typ":"PPC","xhtml":"<var><sup>18</sup>)</var> <a data-odkaz-id=\"39997653\" href=\"#\"  class=\"ext_odkaz\">Vyhláška č. 5/2014 Sb.</a>, o způsobu, termínech a rozsahu údajů předkládaných pro hodnocení plnění státního rozpočtu, rozpočtů státních fondů, rozpočtů územních samosprávných celků, rozpočtů dobrovolných svazků obcí a rozpočtů Regionálních rad regionů soudržnosti, ve znění pozdějších předpisů.","souboroveDokumenty":null},{"fragmentId":8935009,"hloubka":2,"typ":"PPC","xhtml":"<var><sup>19</sup>)</var> <a data-odkaz-id=\"39997639\" href=\"#\"  class=\"ext_odkaz\">Zákon č. 451/1991 Sb., kterým se stanoví některé další předpoklady pro výkon některých funkcí ve státních orgánech a organizacích České a Slovenské Federativní Republiky, České republiky a Slovenské republiky</a>, ve znění pozdějších předpisů.","souboroveDokumenty":null}],"sablonaHierarchieKod":"SABL_NOVY_PA_ZAKON","sablonaHierarchieVerze":1}