{"metadata":{"castkaCislo":"1/1993","predpisCislo":"1/1993 Sb.","rocnik":1993,"datumUcinnostiZneniOd":null},"fragmenty":[{"fragmentId":2624021,"hloubka":0,"typ":"Virtual_Document","xhtml":null,"souboroveDokumenty":null},{"fragmentId":2624023,"hloubka":1,"typ":"Virtual_Prefix","xhtml":null,"souboroveDokumenty":null},{"fragmentId":2624025,"hloubka":2,"typ":"Prefix_Number","xhtml":"1","souboroveDokumenty":null},{"fragmentId":2624027,"hloubka":2,"typ":"Prefix_Type","xhtml":"ÚSTAVNÍ ZÁKON","souboroveDokumenty":null},{"fragmentId":2624029,"hloubka":2,"typ":"Prefix_Author","xhtml":"České národní rady","souboroveDokumenty":null},{"fragmentId":2624031,"hloubka":2,"typ":"Prefix_Date","xhtml":"ze dne 16. prosince 1992","souboroveDokumenty":null},{"fragmentId":2624033,"hloubka":2,"typ":"Prefix","xhtml":"ÚSTAVA ČESKÉ REPUBLIKY","souboroveDokumenty":null},{"fragmentId":2625045,"hloubka":2,"typ":"Prefix","xhtml":"ze dne 16. prosince 1992","souboroveDokumenty":null},{"fragmentId":2624035,"hloubka":2,"typ":"Preambule","xhtml":"Česká národní rada se usnesla na tomto ústavním zákoně:","souboroveDokumenty":null},{"fragmentId":2624037,"hloubka":2,"typ":"Preambule","xhtml":"PREAMBULE","souboroveDokumenty":null},{"fragmentId":2624039,"hloubka":2,"typ":"Preambule","xhtml":"My, občané České republiky v Čechách, na Moravě a ve Slezsku,","souboroveDokumenty":null},{"fragmentId":2624041,"hloubka":2,"typ":"Preambule","xhtml":"v čase obnovy samostatného českého státu,","souboroveDokumenty":null},{"fragmentId":2624043,"hloubka":2,"typ":"Preambule","xhtml":"věrni všem dobrým tradicím dávné státnosti zemí Koruny české i státnosti československé,","souboroveDokumenty":null},{"fragmentId":2624045,"hloubka":2,"typ":"Preambule","xhtml":"odhodláni budovat, chránit a rozvíjet Českou republiku v duchu nedotknutelných hodnot lidské důstojnosti a svobody jako vlast rovnoprávných, svobodných občanů, kteří jsou si vědomi svých povinností vůči druhým a zodpovědnosti vůči celku, jako svobodný a demokratický stát, založený na úctě k lidským právům a na zásadách občanské společnosti,","souboroveDokumenty":null},{"fragmentId":2625047,"hloubka":2,"typ":"Preambule","xhtml":"jako součást rodiny evropských a světových demokracií,","souboroveDokumenty":null},{"fragmentId":2624047,"hloubka":2,"typ":"Preambule","xhtml":"odhodláni společně střežit a rozvíjet zděděné přírodní a kulturní, hmotné a duchovní bohatství,","souboroveDokumenty":null},{"fragmentId":2624049,"hloubka":2,"typ":"Preambule","xhtml":"odhodláni řídit se všemi osvědčenými principy právního státu,","souboroveDokumenty":null},{"fragmentId":2624051,"hloubka":2,"typ":"Preambule","xhtml":"prostřednictvím svých svobodně zvolených zástupců přijímáme tuto Ústavu České republiky","souboroveDokumenty":null},{"fragmentId":2624053,"hloubka":1,"typ":"Virtual_Norma","xhtml":null,"souboroveDokumenty":null},{"fragmentId":2624055,"hloubka":2,"typ":"Hlava","xhtml":"<var>HLAVA PRVNÍ</var>","souboroveDokumenty":null},{"fragmentId":2624057,"hloubka":3,"typ":"Nadpis_pod","xhtml":"ZÁKLADNÍ USTANOVENÍ","souboroveDokumenty":null},{"fragmentId":2624059,"hloubka":3,"typ":"Clanek","xhtml":"<var>Čl. 1</var>","souboroveDokumenty":null},{"fragmentId":2624063,"hloubka":4,"typ":"Odstavec_Dc","xhtml":"<var>(1)</var> Česká republika je svrchovaný, jednotný a demokratický právní stát založený na úctě k právům a svobodám člověka a občana.","souboroveDokumenty":null},{"fragmentId":2624065,"hloubka":4,"typ":"Odstavec_Dc","xhtml":"<var>(2)</var> Česká republika dodržuje závazky, které pro ni vyplývají z mezinárodního práva.","souboroveDokumenty":null},{"fragmentId":2624067,"hloubka":3,"typ":"Clanek","xhtml":"<var>Čl. 2</var>","souboroveDokumenty":null},{"fragmentId":2624069,"hloubka":4,"typ":"Odstavec_Dc","xhtml":"<var>(1)</var> Lid je zdrojem veškeré státní moci; vykonává ji prostřednictvím orgánů moci zákonodárné, výkonné a soudní.","souboroveDokumenty":null},{"fragmentId":2624071,"hloubka":4,"typ":"Odstavec_Dc","xhtml":"<var>(2)</var> Ústavní zákon může stanovit, kdy lid vykonává státní moc přímo.","souboroveDokumenty":null},{"fragmentId":2624073,"hloubka":4,"typ":"Odstavec_Dc","xhtml":"<var>(3)</var> Státní moc slouží všem občanům a lze ji uplatňovat jen v případech, v mezích a způsoby, které stanoví zákon.","souboroveDokumenty":null},{"fragmentId":2624075,"hloubka":4,"typ":"Odstavec_Dc","xhtml":"<var>(4)</var> Každý občan může činit, co není zákonem zakázáno, a nikdo nesmí být nucen činit, co zákon neukládá.","souboroveDokumenty":null},{"fragmentId":2624077,"hloubka":3,"typ":"Clanek","xhtml":"<var>Čl. 3</var>","souboroveDokumenty":null},{"fragmentId":2624079,"hloubka":4,"typ":"Odstavec_Dc","xhtml":"Součástí ústavního pořádku České republiky je <a data-odkaz-id=\"26347781\" href=\"#\"  class=\"ext_odkaz\">Listina základních práv a svobod</a>.","souboroveDokumenty":null},{"fragmentId":2624081,"hloubka":3,"typ":"Clanek","xhtml":"<var>Čl. 4</var>","souboroveDokumenty":null},{"fragmentId":2624083,"hloubka":4,"typ":"Odstavec_Dc","xhtml":"Základní práva a svobody jsou pod ochranou soudní moci.","souboroveDokumenty":null},{"fragmentId":2624085,"hloubka":3,"typ":"Clanek","xhtml":"<var>Čl. 5</var>","souboroveDokumenty":null},{"fragmentId":2624087,"hloubka":4,"typ":"Odstavec_Dc","xhtml":"Politický systém je založen na svobodném a dobrovolném vzniku a volné soutěži politických stran respektujících základní demokratické principy a odmítajících násilí jako prostředek k prosazování svých zájmů.","souboroveDokumenty":null},{"fragmentId":2624089,"hloubka":3,"typ":"Clanek","xhtml":"<var>Čl. 6</var>","souboroveDokumenty":null},{"fragmentId":2624091,"hloubka":4,"typ":"Odstavec_Dc","xhtml":"Politická rozhodnutí vycházejí z vůle většiny vyjádřené svobodným hlasováním. Rozhodování většiny dbá ochrany menšin.","souboroveDokumenty":null},{"fragmentId":2624093,"hloubka":3,"typ":"Clanek","xhtml":"<var>Čl. 7</var>","souboroveDokumenty":null},{"fragmentId":2624095,"hloubka":4,"typ":"Odstavec_Dc","xhtml":"Stát dbá o šetrné využívání přírodních zdrojů a ochranu přírodního bohatství.","souboroveDokumenty":null},{"fragmentId":2624097,"hloubka":3,"typ":"Clanek","xhtml":"<var>Čl. 8</var>","souboroveDokumenty":null},{"fragmentId":2624099,"hloubka":4,"typ":"Odstavec_Dc","xhtml":"Zaručuje se samospráva územních samosprávných celků.","souboroveDokumenty":null},{"fragmentId":2624101,"hloubka":3,"typ":"Clanek","xhtml":"<var>Čl. 9</var>","souboroveDokumenty":null},{"fragmentId":2624103,"hloubka":4,"typ":"Odstavec_Dc","xhtml":"<var>(1)</var> Ústava může být doplňována či měněna pouze ústavními zákony.","souboroveDokumenty":null},{"fragmentId":2624105,"hloubka":4,"typ":"Odstavec_Dc","xhtml":"<var>(2)</var> Změna podstatných náležitostí demokratického právního státu je nepřípustná.","souboroveDokumenty":null},{"fragmentId":2624107,"hloubka":4,"typ":"Odstavec_Dc","xhtml":"<var>(3)</var> Výkladem právních norem nelze oprávnit odstranění nebo ohrožení základů demokratického státu.","souboroveDokumenty":null},{"fragmentId":2624111,"hloubka":3,"typ":"Clanek","xhtml":"<var>Čl. 10</var>","souboroveDokumenty":null},{"fragmentId":2624115,"hloubka":4,"typ":"Odstavec_Dc","xhtml":"Vyhlášené mezinárodní smlouvy, k jejichž ratifikaci dal Parlament souhlas a jimiž je Česká republika vázána, jsou součástí právního řádu; stanoví-li mezinárodní smlouva něco jiného než zákon, použije se mezinárodní smlouva.","souboroveDokumenty":null},{"fragmentId":2624117,"hloubka":3,"typ":"Clanek","xhtml":"<var>Čl. 10a</var>","souboroveDokumenty":null},{"fragmentId":2624119,"hloubka":4,"typ":"Odstavec_Dc","xhtml":"<var>(1)</var> Mezinárodní smlouvou mohou být některé pravomoci orgánů České republiky přeneseny na mezinárodní organizaci nebo instituci.","souboroveDokumenty":null},{"fragmentId":2624121,"hloubka":4,"typ":"Odstavec_Dc","xhtml":"<var>(2)</var> K ratifikaci mezinárodní smlouvy uvedené v <a data-odkaz-id=\"26347807\" href=\"#\"  class=\"int_odkaz\">odstavci 1</a> je třeba souhlasu Parlamentu, nestanoví-li ústavní zákon, že k ratifikaci je třeba souhlasu daného v referendu.","souboroveDokumenty":null},{"fragmentId":2624123,"hloubka":3,"typ":"Clanek","xhtml":"<var>Čl. 10b</var>","souboroveDokumenty":null},{"fragmentId":2624125,"hloubka":4,"typ":"Odstavec_Dc","xhtml":"<var>(1)</var> Vláda pravidelně a předem informuje Parlament o otázkách souvisejících se závazky vyplývajícími z členství České republiky v mezinárodní organizaci nebo instituci uvedené v <a data-odkaz-id=\"26347821\" href=\"#\"  class=\"int_odkaz\">čl. 10a</a>.","souboroveDokumenty":null},{"fragmentId":2624127,"hloubka":4,"typ":"Odstavec_Dc","xhtml":"<var>(2)</var> Komory Parlamentu se vyjadřují k připravovaným rozhodnutím takové mezinárodní organizace nebo instituce způsobem, který stanoví jejich jednací řády.","souboroveDokumenty":null},{"fragmentId":2624129,"hloubka":4,"typ":"Odstavec_Dc","xhtml":"<var>(3)</var> Zákon o zásadách jednání a styku obou komor mezi sebou, jakož i navenek, může svěřit výkon působnosti komor podle <a data-odkaz-id=\"26347835\" href=\"#\"  class=\"int_odkaz\">odstavce 2</a> společnému orgánu komor.","souboroveDokumenty":null},{"fragmentId":2624131,"hloubka":3,"typ":"Clanek","xhtml":"<var>Čl. 11</var>","souboroveDokumenty":null},{"fragmentId":2624133,"hloubka":4,"typ":"Odstavec_Dc","xhtml":"Území České republiky tvoří nedílný celek, jehož státní hranice mohou být měněny jen ústavním zákonem.","souboroveDokumenty":null},{"fragmentId":2624135,"hloubka":3,"typ":"Clanek","xhtml":"<var>Čl. 12</var>","souboroveDokumenty":null},{"fragmentId":2624137,"hloubka":4,"typ":"Odstavec_Dc","xhtml":"<var>(1)</var> Nabývání a pozbývání státního občanství České republiky stanoví zákon.","souboroveDokumenty":null},{"fragmentId":2624139,"hloubka":4,"typ":"Odstavec_Dc","xhtml":"<var>(2)</var> Nikdo nemůže být proti své vůli zbaven státního občanství.","souboroveDokumenty":null},{"fragmentId":2624141,"hloubka":3,"typ":"Clanek","xhtml":"<var>Čl. 13</var>","souboroveDokumenty":null},{"fragmentId":2624143,"hloubka":4,"typ":"Odstavec_Dc","xhtml":"Hlavním městem České republiky je Praha.","souboroveDokumenty":null},{"fragmentId":2624145,"hloubka":3,"typ":"Clanek","xhtml":"<var>Čl. 14</var>","souboroveDokumenty":null},{"fragmentId":2624147,"hloubka":4,"typ":"Odstavec_Dc","xhtml":"<var>(1)</var> Státními symboly České republiky jsou velký a malý státní znak, státní barvy, státní vlajka, vlajka prezidenta republiky, státní pečeť a státní hymna.","souboroveDokumenty":null},{"fragmentId":2624149,"hloubka":4,"typ":"Odstavec_Dc","xhtml":"<var>(2)</var> Státní symboly a jejich používání upraví zákon.","souboroveDokumenty":null},{"fragmentId":2624151,"hloubka":2,"typ":"Hlava","xhtml":"<var>HLAVA DRUHÁ</var>","souboroveDokumenty":null},{"fragmentId":2624153,"hloubka":3,"typ":"Nadpis_pod","xhtml":"MOC ZÁKONODÁRNÁ","souboroveDokumenty":null},{"fragmentId":2624155,"hloubka":3,"typ":"Clanek","xhtml":"<var>Čl. 15</var>","souboroveDokumenty":null},{"fragmentId":2624157,"hloubka":4,"typ":"Odstavec_Dc","xhtml":"<var>(1)</var> Zákonodárná moc v České republice náleží Parlamentu.","souboroveDokumenty":null},{"fragmentId":2624159,"hloubka":4,"typ":"Odstavec_Dc","xhtml":"<var>(2)</var> Parlament je tvořen dvěma komorami, a to Poslaneckou sněmovnou a Senátem.","souboroveDokumenty":null},{"fragmentId":2624161,"hloubka":3,"typ":"Clanek","xhtml":"<var>Čl. 16</var>","souboroveDokumenty":null},{"fragmentId":2624163,"hloubka":4,"typ":"Odstavec_Dc","xhtml":"<var>(1)</var> Poslanecká sněmovna má 200 poslanců, kteří jsou voleni na dobu čtyř let.","souboroveDokumenty":null},{"fragmentId":2624165,"hloubka":4,"typ":"Odstavec_Dc","xhtml":"<var>(2)</var> Senát má 81 senátorů, kteří jsou voleni na dobu šesti let. Každé dva roky se volí třetina senátorů.","souboroveDokumenty":null},{"fragmentId":2624167,"hloubka":3,"typ":"Clanek","xhtml":"<var>Čl. 17</var>","souboroveDokumenty":null},{"fragmentId":2624169,"hloubka":4,"typ":"Odstavec_Dc","xhtml":"<var>(1)</var> Volby do obou komor se konají ve lhůtě počínající třicátým dnem před uplynutím volebního období a končící dnem jeho uplynutí.","souboroveDokumenty":null},{"fragmentId":2624171,"hloubka":4,"typ":"Odstavec_Dc","xhtml":"<var>(2)</var> Byla-li Poslanecká sněmovna rozpuštěna, konají se volby do šedesáti dnů po jejím rozpuštění.","souboroveDokumenty":null},{"fragmentId":2624173,"hloubka":3,"typ":"Clanek","xhtml":"<var>Čl. 18</var>","souboroveDokumenty":null},{"fragmentId":2624175,"hloubka":4,"typ":"Odstavec_Dc","xhtml":"<var>(1)</var> Volby do Poslanecké sněmovny se konají tajným hlasováním na základě všeobecného, rovného a přímého volebního práva, podle zásad poměrného zastoupení.","souboroveDokumenty":null},{"fragmentId":2624177,"hloubka":4,"typ":"Odstavec_Dc","xhtml":"<var>(2)</var> Volby do Senátu se konají tajným hlasováním na základě všeobecného, rovného a přímého volebního práva, podle zásad většinového systému.","souboroveDokumenty":null},{"fragmentId":2624179,"hloubka":4,"typ":"Odstavec_Dc","xhtml":"<var>(3)</var> Právo volit má každý občan České republiky, který dosáhl věku 18 let.","souboroveDokumenty":null},{"fragmentId":2624181,"hloubka":3,"typ":"Clanek","xhtml":"<var>Čl. 19</var>","souboroveDokumenty":null},{"fragmentId":2624183,"hloubka":4,"typ":"Odstavec_Dc","xhtml":"<var>(1)</var> Do Poslanecké sněmovny může být zvolen každý občan České republiky, který má právo volit a dosáhl věku 21 let.","souboroveDokumenty":null},{"fragmentId":2624185,"hloubka":4,"typ":"Odstavec_Dc","xhtml":"<var>(2)</var> Do Senátu může být zvolen každý občan České republiky, který má právo volit a dosáhl věku 40 let.","souboroveDokumenty":null},{"fragmentId":2624187,"hloubka":4,"typ":"Odstavec_Dc","xhtml":"<var>(3)</var> Mandát poslance nebo senátora vzniká zvolením.","souboroveDokumenty":null},{"fragmentId":2624189,"hloubka":3,"typ":"Clanek","xhtml":"<var>Čl. 20</var>","souboroveDokumenty":null},{"fragmentId":2624191,"hloubka":4,"typ":"Odstavec_Dc","xhtml":"Další podmínky výkonu volebního práva, organizaci voleb a rozsah soudního přezkumu stanoví zákon.","souboroveDokumenty":null},{"fragmentId":2624193,"hloubka":3,"typ":"Clanek","xhtml":"<var>Čl. 21</var>","souboroveDokumenty":null},{"fragmentId":2624195,"hloubka":4,"typ":"Odstavec_Dc","xhtml":"Nikdo nemůže být současně členem obou komor Parlamentu.","souboroveDokumenty":null},{"fragmentId":2624197,"hloubka":3,"typ":"Clanek","xhtml":"<var>Čl. 22</var>","souboroveDokumenty":null},{"fragmentId":2624199,"hloubka":4,"typ":"Odstavec_Dc","xhtml":"<var>(1)</var> S funkcí poslance nebo senátora je neslučitelný výkon úřadu prezidenta republiky, funkce soudce a další funkce, které stanoví zákon.","souboroveDokumenty":null},{"fragmentId":2624201,"hloubka":4,"typ":"Odstavec_Dc","xhtml":"<var>(2)</var> Dnem, kdy se poslanec nebo senátor ujal úřadu prezidenta republiky, nebo dnem, kdy se ujal funkce soudce nebo jiné funkce neslučitelné s funkcí poslance nebo senátora, zaniká jeho mandát poslance nebo senátora.","souboroveDokumenty":null},{"fragmentId":2624203,"hloubka":3,"typ":"Clanek","xhtml":"<var>Čl. 23</var>","souboroveDokumenty":null},{"fragmentId":2624205,"hloubka":4,"typ":"Odstavec_Dc","xhtml":"<var>(1)</var> Poslanec složí slib na první schůzi Poslanecké sněmovny, které se zúčastní.","souboroveDokumenty":null},{"fragmentId":2624207,"hloubka":4,"typ":"Odstavec_Dc","xhtml":"<var>(2)</var> Senátor složí slib na první schůzi Senátu, které se zúčastní.","souboroveDokumenty":null},{"fragmentId":2624209,"hloubka":4,"typ":"Odstavec_Dc","xhtml":"<var>(3)</var> Slib poslance a senátora zní: „Slibuji věrnost České republice. Slibuji, že budu zachovávat její Ústavu a zákony. Slibuji na svou čest, že svůj mandát budu vykonávat v zájmu všeho lidu a podle svého nejlepšího vědomí a svědomí.“.","souboroveDokumenty":null},{"fragmentId":2624211,"hloubka":3,"typ":"Clanek","xhtml":"<var>Čl. 24</var>","souboroveDokumenty":null},{"fragmentId":2624213,"hloubka":4,"typ":"Odstavec_Dc","xhtml":"Poslanec nebo senátor se může svého mandátu vzdát prohlášením učiněným osobně na schůzi komory, jejímž je členem. Brání-li mu v tom závažné okolnosti, učiní tak způsobem stanoveným zákonem.","souboroveDokumenty":null},{"fragmentId":2624215,"hloubka":3,"typ":"Clanek","xhtml":"<var>Čl. 25</var>","souboroveDokumenty":null},{"fragmentId":2624217,"hloubka":4,"typ":"Odstavec_Dc","xhtml":"Mandát poslance nebo senátora zaniká","souboroveDokumenty":null},{"fragmentId":2624219,"hloubka":5,"typ":"Pismeno_Lb","xhtml":"<var>a)</var> odepřením slibu nebo složením slibu s výhradou,","souboroveDokumenty":null},{"fragmentId":2624221,"hloubka":5,"typ":"Pismeno_Lb","xhtml":"<var>b)</var> uplynutím volebního období,","souboroveDokumenty":null},{"fragmentId":2624223,"hloubka":5,"typ":"Pismeno_Lb","xhtml":"<var>c)</var> vzdáním se mandátu,","souboroveDokumenty":null},{"fragmentId":2624225,"hloubka":5,"typ":"Pismeno_Lb","xhtml":"<var>d)</var> ztrátou volitelnosti,","souboroveDokumenty":null},{"fragmentId":2624227,"hloubka":5,"typ":"Pismeno_Lb","xhtml":"<var>e)</var> u poslanců rozpuštěním Poslanecké sněmovny,","souboroveDokumenty":null},{"fragmentId":2624229,"hloubka":5,"typ":"Pismeno_Lb","xhtml":"<var>f)</var> vznikem neslučitelnosti funkcí podle <a data-odkaz-id=\"26347849\" href=\"#\"  class=\"int_odkaz\">čl. 22</a>.","souboroveDokumenty":null},{"fragmentId":2624231,"hloubka":3,"typ":"Clanek","xhtml":"<var>Čl. 26</var>","souboroveDokumenty":null},{"fragmentId":2624233,"hloubka":4,"typ":"Odstavec_Dc","xhtml":"Poslanci a senátoři vykonávají svůj mandát osobně v souladu se svým slibem a nejsou přitom vázáni žádnými příkazy.","souboroveDokumenty":null},{"fragmentId":2624235,"hloubka":3,"typ":"Clanek","xhtml":"<var>Čl. 27</var>","souboroveDokumenty":null},{"fragmentId":2624237,"hloubka":4,"typ":"Odstavec_Dc","xhtml":"<var>(1)</var> Poslance ani senátora nelze postihnout pro hlasování v Poslanecké sněmovně nebo Senátu nebo jejich orgánech.","souboroveDokumenty":null},{"fragmentId":2624239,"hloubka":4,"typ":"Odstavec_Dc","xhtml":"<var>(2)</var> Za projevy učiněné v Poslanecké sněmovně nebo Senátu nebo v jejich orgánech nelze poslance nebo senátora trestně stíhat. Poslanec nebo senátor podléhá jen disciplinární pravomoci komory, jejímž je členem.","souboroveDokumenty":null},{"fragmentId":2624241,"hloubka":4,"typ":"Odstavec_Dc","xhtml":"<var>(3)</var> Za přestupky poslanec nebo senátor podléhá jen disciplinární pravomoci komory, jejímž je členem, pokud zákon nestanoví jinak.","souboroveDokumenty":null},{"fragmentId":2625041,"hloubka":4,"typ":"Odstavec_Dc","xhtml":"<var>(4)</var> Poslance ani senátora nelze trestně stíhat bez souhlasu komory, jejímž je členem. Odepře-li komora souhlas, je trestní stíhání po dobu trvání mandátu vyloučeno.","souboroveDokumenty":null},{"fragmentId":2624245,"hloubka":4,"typ":"Odstavec_Dc","xhtml":"<var>(5)</var> Poslance nebo senátora lze zadržet, jen byl-li dopaden při spáchání trestného činu nebo bezprostředně poté. Příslušný orgán je povinen zadržení ihned oznámit předsedovi komory, jejímž je zadržený členem; nedá-li předseda komory do 24 hodin od zadržení souhlas k odevzdání zadrženého soudu, je příslušný orgán povinen ho propustit. Na své první následující schůzi komora rozhodne o přípustnosti stíhání s konečnou platností.","souboroveDokumenty":null},{"fragmentId":2624247,"hloubka":3,"typ":"Clanek","xhtml":"<var>Čl. 28</var>","souboroveDokumenty":null},{"fragmentId":2624249,"hloubka":4,"typ":"Odstavec_Dc","xhtml":"Poslanec i senátor má právo odepřít svědectví o skutečnostech, které se dozvěděl v souvislosti s výkonem svého mandátu, a to i poté, kdy přestal být poslancem nebo senátorem.","souboroveDokumenty":null},{"fragmentId":2624251,"hloubka":3,"typ":"Clanek","xhtml":"<var>Čl. 29</var>","souboroveDokumenty":null},{"fragmentId":2624253,"hloubka":4,"typ":"Odstavec_Dc","xhtml":"<var>(1)</var> Poslanecká sněmovna volí a odvolává předsedu a místopředsedy Poslanecké sněmovny.","souboroveDokumenty":null},{"fragmentId":2624255,"hloubka":4,"typ":"Odstavec_Dc","xhtml":"<var>(2)</var> Senát volí a odvolává předsedu a místopředsedy Senátu.","souboroveDokumenty":null},{"fragmentId":2624257,"hloubka":3,"typ":"Clanek","xhtml":"<var>Čl. 30</var>","souboroveDokumenty":null},{"fragmentId":2624259,"hloubka":4,"typ":"Odstavec_Dc","xhtml":"<var>(1)</var> Pro vyšetření věci veřejného zájmu může Poslanecká sněmovna zřídit vyšetřovací komisi, navrhne-li to nejméně pětina poslanců.","souboroveDokumenty":null},{"fragmentId":2624261,"hloubka":4,"typ":"Odstavec_Dc","xhtml":"<var>(2)</var> Řízení před komisí upraví zákon.","souboroveDokumenty":null},{"fragmentId":2624263,"hloubka":3,"typ":"Clanek","xhtml":"<var>Čl. 31</var>","souboroveDokumenty":null},{"fragmentId":2624265,"hloubka":4,"typ":"Odstavec_Dc","xhtml":"<var>(1)</var> Komory zřizují jako své orgány výbory a komise.","souboroveDokumenty":null},{"fragmentId":2624267,"hloubka":4,"typ":"Odstavec_Dc","xhtml":"<var>(2)</var> Činnost výborů a komisí upraví zákon.","souboroveDokumenty":null},{"fragmentId":2624269,"hloubka":3,"typ":"Clanek","xhtml":"<var>Čl. 32</var>","souboroveDokumenty":null},{"fragmentId":2624271,"hloubka":4,"typ":"Odstavec_Dc","xhtml":"Poslanec nebo senátor, který je členem vlády, nemůže být předsedou či místopředsedou Poslanecké sněmovny nebo Senátu ani členem parlamentních výborů, vyšetřovací komise nebo komisí.","souboroveDokumenty":null},{"fragmentId":2624273,"hloubka":3,"typ":"Clanek","xhtml":"<var>Čl. 33</var>","souboroveDokumenty":null},{"fragmentId":2624275,"hloubka":4,"typ":"Odstavec_Dc","xhtml":"<var>(1)</var> Dojde-li k rozpuštění Poslanecké sněmovny, přísluší Senátu přijímat zákonná opatření ve věcech, které nesnesou odkladu a vyžadovaly by jinak přijetí zákona.","souboroveDokumenty":null},{"fragmentId":2624277,"hloubka":4,"typ":"Odstavec_Dc","xhtml":"<var>(2)</var> Senátu však nepřísluší přijímat zákonné opatření ve věcech Ústavy, státního rozpočtu, státního závěrečného účtu, volebního zákona a mezinárodních smluv podle <a data-odkaz-id=\"26347875\" href=\"#\"  class=\"int_odkaz\">čl. 10</a>.","souboroveDokumenty":null},{"fragmentId":2624279,"hloubka":4,"typ":"Odstavec_Dc","xhtml":"<var>(3)</var> Zákonné opatření může Senátu navrhnout jen vláda.","souboroveDokumenty":null},{"fragmentId":2624281,"hloubka":4,"typ":"Odstavec_Dc","xhtml":"<var>(4)</var> Zákonné opatření Senátu podepisuje předseda Senátu, prezident republiky a předseda vlády; vyhlašuje se stejně jako zákony.","souboroveDokumenty":null},{"fragmentId":2624283,"hloubka":4,"typ":"Odstavec_Dc","xhtml":"<var>(5)</var> Zákonné opatření Senátu musí být schváleno Poslaneckou sněmovnou na její první schůzi. Neschválí-li je Poslanecká sněmovna, pozbývá další platnosti.","souboroveDokumenty":null},{"fragmentId":2624285,"hloubka":3,"typ":"Clanek","xhtml":"<var>Čl. 34</var>","souboroveDokumenty":null},{"fragmentId":2624287,"hloubka":4,"typ":"Odstavec_Dc","xhtml":"<var>(1)</var> Zasedání komor jsou stálá. Zasedání Poslanecké sněmovny svolává prezident republiky tak, aby bylo zahájeno nejpozději třicátý den po dni voleb; neučiní-li tak, sejde se Poslanecká sněmovna třicátý den po dni voleb.","souboroveDokumenty":null},{"fragmentId":2624289,"hloubka":4,"typ":"Odstavec_Dc","xhtml":"<var>(2)</var> Zasedání komory může být usnesením přerušeno. Celková doba, po kterou může být zasedání přerušeno, nesmí překročit sto dvacet dnů v roce.","souboroveDokumenty":null},{"fragmentId":2624291,"hloubka":4,"typ":"Odstavec_Dc","xhtml":"<var>(3)</var> V době přerušení zasedání může předseda Poslanecké sněmovny nebo Senátu svolat komoru ke schůzi před stanoveným termínem. Učiní tak vždy, požádá-li jej o to prezident republiky, vláda nebo nejméně pětina členů komory.","souboroveDokumenty":null},{"fragmentId":2624293,"hloubka":4,"typ":"Odstavec_Dc","xhtml":"<var>(4)</var> Zasedání Poslanecké sněmovny končí uplynutím jejího volebního období nebo jejím rozpuštěním.","souboroveDokumenty":null},{"fragmentId":2624295,"hloubka":3,"typ":"Clanek","xhtml":"<var>Čl. 35</var>","souboroveDokumenty":null},{"fragmentId":2624297,"hloubka":4,"typ":"Odstavec_Dc","xhtml":"<var>(1)</var> Poslaneckou sněmovnu může rozpustit prezident republiky, jestliže","souboroveDokumenty":null},{"fragmentId":2624299,"hloubka":5,"typ":"Pismeno_Lb","xhtml":"<var>a)</var> Poslanecká sněmovna nevyslovila důvěru nově jmenované vládě, jejíž předseda byl prezidentem republiky jmenován na návrh předsedy Poslanecké sněmovny,","souboroveDokumenty":null},{"fragmentId":2624301,"hloubka":5,"typ":"Pismeno_Lb","xhtml":"<var>b)</var> Poslanecká sněmovna se neusnese do tří měsíců o vládním návrhu zákona, s jehož projednáním spojila vláda otázku důvěry,","souboroveDokumenty":null},{"fragmentId":2624303,"hloubka":5,"typ":"Pismeno_Lb","xhtml":"<var>c)</var> zasedání Poslanecké sněmovny bylo přerušeno po dobu delší, než je přípustné,","souboroveDokumenty":null},{"fragmentId":2624305,"hloubka":5,"typ":"Pismeno_Lb","xhtml":"<var>d)</var> Poslanecká sněmovna nebyla po dobu delší tří měsíců způsobilá se usnášet, ačkoliv nebylo její zasedání přerušeno a ačkoliv byla v té době opakovaně svolána ke schůzi.","souboroveDokumenty":null},{"fragmentId":2624307,"hloubka":4,"typ":"Odstavec_Dc","xhtml":"<var>(2)</var> Prezident republiky Poslaneckou sněmovnu rozpustí, navrhne-li mu to Poslanecká sněmovna usnesením, s nímž vyslovila souhlas třípětinová většina všech poslanců.","souboroveDokumenty":null},{"fragmentId":2624311,"hloubka":4,"typ":"Odstavec_Dc","xhtml":"<var>(3)</var> Poslaneckou sněmovnu nelze rozpustit tři měsíce před skončením jejího volebního období.","souboroveDokumenty":null},{"fragmentId":2624313,"hloubka":3,"typ":"Clanek","xhtml":"<var>Čl. 36</var>","souboroveDokumenty":null},{"fragmentId":2624315,"hloubka":4,"typ":"Odstavec_Dc","xhtml":"Schůze komor jsou veřejné. Veřejnost může být vyloučena jen za podmínek stanovených zákonem.","souboroveDokumenty":null},{"fragmentId":2624317,"hloubka":3,"typ":"Clanek","xhtml":"<var>Čl. 37</var>","souboroveDokumenty":null},{"fragmentId":2624319,"hloubka":4,"typ":"Odstavec_Dc","xhtml":"<var>(1)</var> Společnou schůzi komor svolává předseda Poslanecké sněmovny.","souboroveDokumenty":null},{"fragmentId":2624321,"hloubka":4,"typ":"Odstavec_Dc","xhtml":"<var>(2)</var> Pro jednání společné schůze komor platí jednací řád Poslanecké sněmovny.","souboroveDokumenty":null},{"fragmentId":2624323,"hloubka":3,"typ":"Clanek","xhtml":"<var>Čl. 38</var>","souboroveDokumenty":null},{"fragmentId":2624325,"hloubka":4,"typ":"Odstavec_Dc","xhtml":"<var>(1)</var> Člen vlády má právo účastnit se schůzí obou komor, jejich výborů a komisí. Udělí se mu slovo, kdykoliv o to požádá.","souboroveDokumenty":null},{"fragmentId":2624327,"hloubka":4,"typ":"Odstavec_Dc","xhtml":"<var>(2)</var> Člen vlády je povinen osobně se dostavit do schůze Poslanecké sněmovny na základě jejího usnesení. To platí i o schůzi výboru, komise nebo vyšetřovací komise, kde však se člen vlády může dát zastupovat svým náměstkem nebo jiným členem vlády, není-li výslovně požadována jeho osobní účast.","souboroveDokumenty":null},{"fragmentId":2624329,"hloubka":3,"typ":"Clanek","xhtml":"<var>Čl. 39</var>","souboroveDokumenty":null},{"fragmentId":2624331,"hloubka":4,"typ":"Odstavec_Dc","xhtml":"<var>(1)</var> Komory jsou způsobilé se usnášet za přítomnosti alespoň jedné třetiny svých členů.","souboroveDokumenty":null},{"fragmentId":2624333,"hloubka":4,"typ":"Odstavec_Dc","xhtml":"<var>(2)</var> K přijetí usnesení komory je třeba souhlasu nadpoloviční většiny přítomných poslanců nebo senátorů, nestanoví-li Ústava jinak.","souboroveDokumenty":null},{"fragmentId":2624337,"hloubka":4,"typ":"Odstavec_Dc","xhtml":"<var>(3)</var> K přijetí usnesení o vyhlášení válečného stavu a k přijetí usnesení o souhlasu s vysláním ozbrojených sil České republiky mimo území České republiky nebo s pobytem ozbrojených sil jiných států na území České republiky, jakož i k přijetí usnesení o účasti České republiky v obranných systémech mezinárodní organizace, jíž je Česká republika členem, je třeba souhlasu nadpoloviční většiny všech poslanců a nadpoloviční většiny všech senátorů.","souboroveDokumenty":null},{"fragmentId":2624341,"hloubka":4,"typ":"Odstavec_Dc","xhtml":"<var>(4)</var> K přijetí ústavního zákona a souhlasu k ratifikaci mezinárodní smlouvy uvedené v <a data-odkaz-id=\"26347913\" href=\"#\"  class=\"int_odkaz\">čl. 10a odst. 1</a> je třeba souhlasu třípětinové většiny všech poslanců a třípětinové většiny přítomných senátorů.","souboroveDokumenty":null},{"fragmentId":2624343,"hloubka":3,"typ":"Clanek","xhtml":"<var>Čl. 40</var>","souboroveDokumenty":null},{"fragmentId":2624345,"hloubka":4,"typ":"Odstavec_Dc","xhtml":"K přijetí volebního zákona a zákona o zásadách jednání a styku obou komor mezi sebou, jakož i navenek a zákona o jednacím řádu Senátu je třeba, aby byl schválen Poslaneckou sněmovnou a Senátem.","souboroveDokumenty":null},{"fragmentId":2624347,"hloubka":3,"typ":"Clanek","xhtml":"<var>Čl. 41</var>","souboroveDokumenty":null},{"fragmentId":2624349,"hloubka":4,"typ":"Odstavec_Dc","xhtml":"<var>(1)</var> Návrhy zákonů se podávají Poslanecké sněmovně.","souboroveDokumenty":null},{"fragmentId":2624351,"hloubka":4,"typ":"Odstavec_Dc","xhtml":"<var>(2)</var> Návrh zákona může podat poslanec, skupina poslanců, Senát, vláda nebo zastupitelstvo vyššího územního samosprávného celku.","souboroveDokumenty":null},{"fragmentId":2624353,"hloubka":3,"typ":"Clanek","xhtml":"<var>Čl. 42</var>","souboroveDokumenty":null},{"fragmentId":2624355,"hloubka":4,"typ":"Odstavec_Dc","xhtml":"<var>(1)</var> Návrh zákona o státním rozpočtu a návrh státního závěrečného účtu podává vláda.","souboroveDokumenty":null},{"fragmentId":2624357,"hloubka":4,"typ":"Odstavec_Dc","xhtml":"<var>(2)</var> Tyto návrhy projednává na veřejné schůzi a usnáší se o nich jen Poslanecká sněmovna.","souboroveDokumenty":null},{"fragmentId":2624361,"hloubka":3,"typ":"Clanek","xhtml":"<var>Čl. 43</var>","souboroveDokumenty":null},{"fragmentId":2624365,"hloubka":4,"typ":"Odstavec_Dc","xhtml":"<var>(1)</var> Parlament rozhoduje o vyhlášení válečného stavu, je-li Česká republika napadena, nebo je-li třeba plnit mezinárodní smluvní závazky o společné obraně proti napadení.","souboroveDokumenty":null},{"fragmentId":2624369,"hloubka":4,"typ":"Odstavec_Dc","xhtml":"<var>(2)</var> Parlament rozhoduje o účasti České republiky v obranných systémech mezinárodní organizace, jíž je Česká republika členem.","souboroveDokumenty":null},{"fragmentId":2624371,"hloubka":4,"typ":"Odstavec_Dc","xhtml":"<var>(3)</var> Parlament vyslovuje souhlas","souboroveDokumenty":null},{"fragmentId":2624373,"hloubka":5,"typ":"Pismeno_Lb","xhtml":"<var>a)</var> s vysláním ozbrojených sil České republiky mimo území České republiky,","souboroveDokumenty":null},{"fragmentId":2624375,"hloubka":5,"typ":"Pismeno_Lb","xhtml":"<var>b)</var> s pobytem ozbrojených sil jiných států na území České republiky,","souboroveDokumenty":null},{"fragmentId":2624377,"hloubka":5,"typ":"Pokracovani_Text","xhtml":"nejsou-li taková rozhodnutí vyhrazena vládě.","souboroveDokumenty":null},{"fragmentId":2624379,"hloubka":4,"typ":"Odstavec_Dc","xhtml":"<var>(4)</var> Vláda rozhoduje o vyslání ozbrojených sil České republiky mimo území České republiky a o pobytu ozbrojených sil jiných států na území České republiky, a to nejdéle na dobu 60 dnů, jde-li o","souboroveDokumenty":null},{"fragmentId":2624381,"hloubka":5,"typ":"Pismeno_Lb","xhtml":"<var>a)</var> plnění závazků z mezinárodních smluv o společné obraně proti napadení,","souboroveDokumenty":null},{"fragmentId":2624383,"hloubka":5,"typ":"Pismeno_Lb","xhtml":"<var>b)</var> účast na mírových operacích podle rozhodnutí mezinárodní organizace, jíž je Česká republika členem, a to se souhlasem přijímajícího státu,","souboroveDokumenty":null},{"fragmentId":2624385,"hloubka":5,"typ":"Pismeno_Lb","xhtml":"<var>c)</var> účast na záchranných pracích při živelních pohromách, průmyslových nebo ekologických haváriích.","souboroveDokumenty":null},{"fragmentId":2624387,"hloubka":4,"typ":"Odstavec_Dc","xhtml":"<var>(5)</var> Vláda dále rozhoduje","souboroveDokumenty":null},{"fragmentId":2624389,"hloubka":5,"typ":"Pismeno_Lb","xhtml":"<var>a)</var> o průjezdu ozbrojených sil jiných států přes území České republiky nebo o jejich přeletu nad územím České republiky,","souboroveDokumenty":null},{"fragmentId":2624391,"hloubka":5,"typ":"Pismeno_Lb","xhtml":"<var>b)</var> o účasti ozbrojených sil České republiky na vojenských cvičeních mimo území České republiky a o účasti ozbrojených sil jiných států na vojenských cvičeních na území České republiky.","souboroveDokumenty":null},{"fragmentId":2624393,"hloubka":4,"typ":"Odstavec_Dc","xhtml":"<var>(6)</var> O rozhodnutích podle <a data-odkaz-id=\"26347927\" href=\"#\"  class=\"int_odkaz\">odstavců 4</a> a <a data-odkaz-id=\"26347945\" href=\"#\"  class=\"int_odkaz\">5</a> informuje vláda neprodleně obě komory Parlamentu. Parlament může rozhodnutí vlády zrušit; ke zrušení rozhodnutí vlády postačuje nesouhlasné usnesení jedné z komor přijaté nadpoloviční většinou všech členů komory.","souboroveDokumenty":null},{"fragmentId":2624395,"hloubka":3,"typ":"Clanek","xhtml":"<var>Čl. 44</var>","souboroveDokumenty":null},{"fragmentId":2624397,"hloubka":4,"typ":"Odstavec_Dc","xhtml":"<var>(1)</var> Vláda má právo vyjádřit se ke všem návrhům zákonů.","souboroveDokumenty":null},{"fragmentId":2624399,"hloubka":4,"typ":"Odstavec_Dc","xhtml":"<var>(2)</var> Nevyjádří-li se vláda do třiceti dnů od doby, kdy jí byl návrh zákona doručen, platí, že se vyjádřila kladně.","souboroveDokumenty":null},{"fragmentId":2624401,"hloubka":4,"typ":"Odstavec_Dc","xhtml":"<var>(3)</var> Vláda je oprávněna žádat, aby Poslanecká sněmovna skončila projednávání vládního návrhu zákona do tří měsíců od jeho předložení, pokud s tím vláda spojí žádost o vyslovení důvěry.","souboroveDokumenty":null},{"fragmentId":2624403,"hloubka":3,"typ":"Clanek","xhtml":"<var>Čl. 45</var>","souboroveDokumenty":null},{"fragmentId":2624405,"hloubka":4,"typ":"Odstavec_Dc","xhtml":"Návrh zákona, se kterým Poslanecká sněmovna vyslovila souhlas, postoupí Poslanecká sněmovna Senátu bez zbytečného odkladu.","souboroveDokumenty":null},{"fragmentId":2624407,"hloubka":3,"typ":"Clanek","xhtml":"<var>Čl. 46</var>","souboroveDokumenty":null},{"fragmentId":2624409,"hloubka":4,"typ":"Odstavec_Dc","xhtml":"<var>(1)</var> Senát projedná návrh zákona a usnese se k němu do třiceti dnů od jeho postoupení.","souboroveDokumenty":null},{"fragmentId":2624411,"hloubka":4,"typ":"Odstavec_Dc","xhtml":"<var>(2)</var> Senát svým usnesením návrh zákona schválí nebo zamítne nebo vrátí Poslanecké sněmovně s pozměňovacími návrhy anebo vyjádří vůli nezabývat se jím.","souboroveDokumenty":null},{"fragmentId":2624413,"hloubka":4,"typ":"Odstavec_Dc","xhtml":"<var>(3)</var> Jestliže se Senát nevyjádří ve lhůtě podle <a data-odkaz-id=\"26347963\" href=\"#\"  class=\"int_odkaz\">odstavce 1</a>, platí, že je návrh zákona přijat.","souboroveDokumenty":null},{"fragmentId":2624415,"hloubka":3,"typ":"Clanek","xhtml":"<var>Čl. 47</var>","souboroveDokumenty":null},{"fragmentId":2624417,"hloubka":4,"typ":"Odstavec_Dc","xhtml":"<var>(1)</var> Jestliže Senát návrh zákona zamítne, hlasuje o něm Poslanecká sněmovna znovu. Návrh zákona je přijat, jestliže je schválen nadpoloviční většinou všech poslanců.","souboroveDokumenty":null},{"fragmentId":2624419,"hloubka":4,"typ":"Odstavec_Dc","xhtml":"<var>(2)</var> Jestliže Senát návrh zákona vrátí Poslanecké sněmovně s pozměňovacími návrhy, hlasuje o něm Poslanecká sněmovna ve znění schváleném Senátem. Jejím usnesením je návrh zákona přijat.","souboroveDokumenty":null},{"fragmentId":2624421,"hloubka":4,"typ":"Odstavec_Dc","xhtml":"<var>(3)</var> Jestliže Poslanecká sněmovna neschválí návrh zákona ve znění schváleném Senátem, hlasuje znovu o návrhu zákona ve znění, ve kterém byl postoupen Senátu. Návrh zákona je přijat, jestliže je schválen nadpoloviční většinou všech poslanců.","souboroveDokumenty":null},{"fragmentId":2624423,"hloubka":4,"typ":"Odstavec_Dc","xhtml":"<var>(4)</var> Pozměňovací návrhy nejsou při projednávání zamítnutého nebo vráceného návrhu zákona v Poslanecké sněmovně přípustné.","souboroveDokumenty":null},{"fragmentId":2624425,"hloubka":3,"typ":"Clanek","xhtml":"<var>Čl. 48</var>","souboroveDokumenty":null},{"fragmentId":2624427,"hloubka":4,"typ":"Odstavec_Dc","xhtml":"Jestliže Senát vyjádří vůli nezabývat se návrhem zákona, je tímto usnesením návrh zákona přijat.","souboroveDokumenty":null},{"fragmentId":2624431,"hloubka":3,"typ":"Clanek","xhtml":"<var>Čl. 49</var>","souboroveDokumenty":null},{"fragmentId":2624437,"hloubka":4,"typ":"Odstavec_Dc","xhtml":"K ratifikaci mezinárodních smluv","souboroveDokumenty":null},{"fragmentId":2624439,"hloubka":5,"typ":"Pismeno_Lb","xhtml":"<var>a)</var> upravujících práva a povinnosti osob,","souboroveDokumenty":null},{"fragmentId":2624441,"hloubka":5,"typ":"Pismeno_Lb","xhtml":"<var>b)</var> spojeneckých, mírových a jiných politických,","souboroveDokumenty":null},{"fragmentId":2624443,"hloubka":5,"typ":"Pismeno_Lb","xhtml":"<var>c)</var> z nichž vzniká členství České republiky v mezinárodní organizaci,","souboroveDokumenty":null},{"fragmentId":2624445,"hloubka":5,"typ":"Pismeno_Lb","xhtml":"<var>d)</var> hospodářských, jež jsou všeobecné povahy,","souboroveDokumenty":null},{"fragmentId":2624447,"hloubka":5,"typ":"Pismeno_Lb","xhtml":"<var>e)</var> o dalších věcech, jejichž úprava je vyhrazena zákonu,","souboroveDokumenty":null},{"fragmentId":2624449,"hloubka":5,"typ":"Pokracovani_Text","xhtml":"je třeba souhlasu obou komor Parlamentu.","souboroveDokumenty":null},{"fragmentId":2624451,"hloubka":3,"typ":"Clanek","xhtml":"<var>Čl. 50</var>","souboroveDokumenty":null},{"fragmentId":2624453,"hloubka":4,"typ":"Odstavec_Dc","xhtml":"<var>(1)</var> Prezident republiky má právo vrátit přijatý zákon s výjimkou zákona ústavního, s odůvodněním do patnácti dnů ode dne, kdy mu byl postoupen.","souboroveDokumenty":null},{"fragmentId":2624455,"hloubka":4,"typ":"Odstavec_Dc","xhtml":"<var>(2)</var> O vráceném zákonu hlasuje Poslanecká sněmovna znovu. Pozměňovací návrhy nejsou přípustné. Jestliže Poslanecká sněmovna setrvá na vráceném zákonu nadpoloviční většinou všech poslanců, zákon se vyhlásí. Jinak platí, že zákon nebyl přijat.","souboroveDokumenty":null},{"fragmentId":2624457,"hloubka":3,"typ":"Clanek","xhtml":"<var>Čl. 51</var>","souboroveDokumenty":null},{"fragmentId":2624459,"hloubka":4,"typ":"Odstavec_Dc","xhtml":"Přijaté zákony podepisuje předseda Poslanecké sněmovny, prezident republiky a předseda vlády.","souboroveDokumenty":null},{"fragmentId":2624463,"hloubka":3,"typ":"Clanek","xhtml":"<var>Čl. 52</var>","souboroveDokumenty":null},{"fragmentId":2624467,"hloubka":4,"typ":"Odstavec_Dc","xhtml":"<var>(1)</var> K platnosti zákona je třeba, aby byl vyhlášen.","souboroveDokumenty":null},{"fragmentId":2624469,"hloubka":4,"typ":"Odstavec_Dc","xhtml":"<var>(2)</var> Způsob vyhlášení zákona a mezinárodní smlouvy stanoví zákon.","souboroveDokumenty":null},{"fragmentId":2624471,"hloubka":3,"typ":"Clanek","xhtml":"<var>Čl. 53</var>","souboroveDokumenty":null},{"fragmentId":2624473,"hloubka":4,"typ":"Odstavec_Dc","xhtml":"<var>(1)</var> Každý poslanec má právo interpelovat vládu nebo její členy ve věcech jejich působnosti.","souboroveDokumenty":null},{"fragmentId":2624475,"hloubka":4,"typ":"Odstavec_Dc","xhtml":"<var>(2)</var> Interpelovaní členové vlády odpovědí na interpelaci do třiceti dnů ode dne jejího podání.","souboroveDokumenty":null},{"fragmentId":2624477,"hloubka":2,"typ":"Hlava","xhtml":"<var>HLAVA TŘETÍ</var>","souboroveDokumenty":null},{"fragmentId":2624479,"hloubka":3,"typ":"Nadpis_pod","xhtml":"MOC VÝKONNÁ","souboroveDokumenty":null},{"fragmentId":2624481,"hloubka":3,"typ":"Nadpis_nad","xhtml":"Prezident republiky","souboroveDokumenty":null},{"fragmentId":2624483,"hloubka":3,"typ":"Clanek","xhtml":"<var>Čl. 54</var>","souboroveDokumenty":null},{"fragmentId":2624485,"hloubka":4,"typ":"Odstavec_Dc","xhtml":"<var>(1)</var> Prezident republiky je hlavou státu.","souboroveDokumenty":null},{"fragmentId":2624991,"hloubka":4,"typ":"Odstavec_Dc","xhtml":"<var>(2)</var> Prezident republiky je volen v přímých volbách.","souboroveDokumenty":null},{"fragmentId":2624489,"hloubka":4,"typ":"Odstavec_Dc","xhtml":"<var>(3)</var> Prezident republiky není z výkonu své funkce odpovědný.","souboroveDokumenty":null},{"fragmentId":2624491,"hloubka":3,"typ":"Clanek","xhtml":"<var>Čl. 55</var>","souboroveDokumenty":null},{"fragmentId":2624493,"hloubka":4,"typ":"Odstavec_Dc","xhtml":"Prezident republiky se ujímá úřadu složením slibu. Volební období prezidenta republiky trvá pět let a začíná dnem složení slibu.","souboroveDokumenty":null},{"fragmentId":2624993,"hloubka":3,"typ":"Clanek","xhtml":"<var>Čl. 56</var>","souboroveDokumenty":null},{"fragmentId":2624995,"hloubka":4,"typ":"Odstavec_Dc","xhtml":"<var>(1)</var> Volba prezidenta republiky se koná tajným hlasováním na základě všeobecného, rovného a přímého volebního práva.","souboroveDokumenty":null},{"fragmentId":2624997,"hloubka":4,"typ":"Odstavec_Dc","xhtml":"<var>(2)</var> Prezidentem republiky je zvolen kandidát, který obdržel nadpoloviční většinu platných hlasů oprávněných voličů. Není-li takový kandidát, koná se za čtrnáct dnů po začátku prvního kola volby druhé kolo volby, do kterého postupují dva nejúspěšnější kandidáti z prvního kola volby. Při rovnosti hlasů postupují do druhého kola volby všichni kandidáti, kteří v prvním kole volby získali nejvyšší počet platných hlasů oprávněných voličů, a nejsou-li takoví kandidáti alespoň dva, postupují i kandidáti, kteří obdrželi druhý nejvyšší počet platných hlasů oprávněných voličů.","souboroveDokumenty":null},{"fragmentId":2624999,"hloubka":4,"typ":"Odstavec_Dc","xhtml":"<var>(3)</var> Prezidentem republiky je zvolen kandidát, který obdržel ve druhém kole volby nejvyšší počet platných hlasů oprávněných voličů. Je-li takových kandidátů více, prezident republiky není zvolen a do deseti dnů se vyhlásí nová volba prezidenta republiky.","souboroveDokumenty":null},{"fragmentId":2625001,"hloubka":4,"typ":"Odstavec_Dc","xhtml":"<var>(4)</var> Pokud kandidát, který postoupil do druhého kola volby, přestane být volitelný za prezidenta republiky před druhým kolem volby anebo se práva kandidovat vzdá, postupuje do druhého kola volby kandidát, který v prvním kole volby získal další nejvyšší počet platných hlasů oprávněných voličů. Druhé kolo volby se koná i tehdy, účastní-li se ho pouze jeden kandidát.","souboroveDokumenty":null},{"fragmentId":2625003,"hloubka":4,"typ":"Odstavec_Dc","xhtml":"<var>(5)</var> Navrhovat kandidáta je oprávněn každý občan České republiky, který dosáhl věku 18 let, podpoří-li jeho návrh petice podepsaná nejméně 50 000 občany České republiky oprávněnými volit prezidenta republiky. Navrhovat kandidáta je oprávněno nejméně dvacet poslanců nebo nejméně deset senátorů.","souboroveDokumenty":null},{"fragmentId":2625005,"hloubka":4,"typ":"Odstavec_Dc","xhtml":"<var>(6)</var> Právo volit má každý občan České republiky, který dosáhl věku 18 let.","souboroveDokumenty":null},{"fragmentId":2625007,"hloubka":4,"typ":"Odstavec_Dc","xhtml":"<var>(7)</var> Volba prezidenta republiky se koná v posledních šedesáti dnech volebního období úřadujícího prezidenta republiky, nejpozději však třicet dnů před uplynutím volebního období úřadujícího prezidenta republiky. Uvolní-li se úřad prezidenta republiky, koná se volba prezidenta republiky do devadesáti dnů.","souboroveDokumenty":null},{"fragmentId":2625009,"hloubka":4,"typ":"Odstavec_Dc","xhtml":"<var>(8)</var> Volbu prezidenta republiky vyhlašuje předseda Senátu nejpozději devadesát dnů před jejím konáním. Uvolní-li se úřad prezidenta republiky, vyhlásí předseda Senátu volbu prezidenta republiky nejpozději do deseti dnů poté a zároveň nejpozději osmdesát dnů před jejím konáním.","souboroveDokumenty":null},{"fragmentId":2625011,"hloubka":4,"typ":"Odstavec_Dc","xhtml":"<var>(9)</var> Není-li funkce předsedy Senátu obsazena, vyhlašuje volbu prezidenta republiky předseda Poslanecké sněmovny.","souboroveDokumenty":null},{"fragmentId":2624499,"hloubka":3,"typ":"Clanek","xhtml":"<var>Čl. 57</var>","souboroveDokumenty":null},{"fragmentId":2624501,"hloubka":4,"typ":"Odstavec_Dc","xhtml":"<var>(1)</var> Prezidentem republiky může být zvolen občan, který je volitelný do Senátu.","souboroveDokumenty":null},{"fragmentId":2624503,"hloubka":4,"typ":"Odstavec_Dc","xhtml":"<var>(2)</var> Nikdo nemůže být zvolen více než dvakrát za sebou.","souboroveDokumenty":null},{"fragmentId":2625013,"hloubka":3,"typ":"Clanek","xhtml":"<var>Čl. 58</var>","souboroveDokumenty":null},{"fragmentId":2625015,"hloubka":4,"typ":"Odstavec_Dc","xhtml":"Další podmínky výkonu volebního práva při volbě prezidenta republiky, jakož i podrobnosti navrhování kandidátů na funkci prezidenta republiky, vyhlašování a provádění volby prezidenta republiky a vyhlašování jejího výsledku a soudní přezkum stanoví zákon.","souboroveDokumenty":null},{"fragmentId":2624523,"hloubka":3,"typ":"Clanek","xhtml":"<var>Čl. 59</var>","souboroveDokumenty":null},{"fragmentId":2625017,"hloubka":4,"typ":"Odstavec_Dc","xhtml":"<var>(1)</var> Prezident republiky složí slib do rukou předsedy Senátu na společné schůzi obou komor.","souboroveDokumenty":null},{"fragmentId":2624527,"hloubka":4,"typ":"Odstavec_Dc","xhtml":"<var>(2)</var> Slib prezidenta republiky zní: „Slibuji věrnost České republice. Slibuji, že budu zachovávat její Ústavu a zákony. Slibuji na svou čest, že svůj úřad budu zastávat v zájmu všeho lidu a podle svého nejlepšího vědomí a svědomí.“.","souboroveDokumenty":null},{"fragmentId":2624529,"hloubka":3,"typ":"Clanek","xhtml":"<var>Čl. 60</var>","souboroveDokumenty":null},{"fragmentId":2624531,"hloubka":4,"typ":"Odstavec_Dc","xhtml":"Odmítne-li prezident republiky složit slib nebo složí-li slib s výhradou, hledí se na něho, jako by nebyl zvolen.","souboroveDokumenty":null},{"fragmentId":2624533,"hloubka":3,"typ":"Clanek","xhtml":"<var>Čl. 61</var>","souboroveDokumenty":null},{"fragmentId":2625019,"hloubka":4,"typ":"Odstavec_Dc","xhtml":"Prezident republiky se může vzdát svého úřadu do rukou předsedy Senátu.","souboroveDokumenty":null},{"fragmentId":2624537,"hloubka":3,"typ":"Clanek","xhtml":"<var>Čl. 62</var>","souboroveDokumenty":null},{"fragmentId":2624539,"hloubka":4,"typ":"Odstavec_Dc","xhtml":"Prezident republiky","souboroveDokumenty":null},{"fragmentId":2624541,"hloubka":5,"typ":"Pismeno_Lb","xhtml":"<var>a)</var> jmenuje a odvolává předsedu a další členy vlády a přijímá jejich demisi, odvolává vládu a přijímá její demisi,","souboroveDokumenty":null},{"fragmentId":2624543,"hloubka":5,"typ":"Pismeno_Lb","xhtml":"<var>b)</var> svolává zasedání Poslanecké sněmovny,","souboroveDokumenty":null},{"fragmentId":2624545,"hloubka":5,"typ":"Pismeno_Lb","xhtml":"<var>c)</var> rozpouští Poslaneckou sněmovnu,","souboroveDokumenty":null},{"fragmentId":2624547,"hloubka":5,"typ":"Pismeno_Lb","xhtml":"<var>d)</var> pověřuje vládu, jejíž demisi přijal nebo kterou odvolal, vykonáváním jejích funkcí prozatímně až do jmenování nové vlády,","souboroveDokumenty":null},{"fragmentId":2624549,"hloubka":5,"typ":"Pismeno_Lb","xhtml":"<var>e)</var> jmenuje soudce Ústavního soudu, jeho předsedu a místopředsedy,","souboroveDokumenty":null},{"fragmentId":2624551,"hloubka":5,"typ":"Pismeno_Lb","xhtml":"<var>f)</var> jmenuje ze soudců předsedu a místopředsedy Nejvyššího soudu,","souboroveDokumenty":null},{"fragmentId":2625021,"hloubka":5,"typ":"Pismeno_Lb","xhtml":"<var>g)</var> odpouští a zmírňuje tresty uložené soudem a zahlazuje odsouzení,","souboroveDokumenty":null},{"fragmentId":2624555,"hloubka":5,"typ":"Pismeno_Lb","xhtml":"<var>h)</var> má právo vrátit Parlamentu přijatý zákon s výjimkou zákona ústavního,","souboroveDokumenty":null},{"fragmentId":2624557,"hloubka":5,"typ":"Pismeno_Lb","xhtml":"<var>i)</var> podepisuje zákony,","souboroveDokumenty":null},{"fragmentId":2624559,"hloubka":5,"typ":"Pismeno_Lb","xhtml":"<var>j)</var> jmenuje prezidenta a viceprezidenta Nejvyššího kontrolního úřadu,","souboroveDokumenty":null},{"fragmentId":2625023,"hloubka":5,"typ":"Pismeno_Lb","xhtml":"<var>k)</var> jmenuje členy Bankovní rady České národní banky.","souboroveDokumenty":null},{"fragmentId":2624567,"hloubka":3,"typ":"Clanek","xhtml":"<var>Čl. 63</var>","souboroveDokumenty":null},{"fragmentId":2624569,"hloubka":4,"typ":"Odstavec_Dc","xhtml":"<var>(1)</var> Prezident republiky dále","souboroveDokumenty":null},{"fragmentId":2624571,"hloubka":5,"typ":"Pismeno_Lb","xhtml":"<var>a)</var> zastupuje stát navenek,","souboroveDokumenty":null},{"fragmentId":2624573,"hloubka":5,"typ":"Pismeno_Lb","xhtml":"<var>b)</var> sjednává a ratifikuje mezinárodní smlouvy; sjednávání mezinárodních smluv může přenést na vládu nebo s jejím souhlasem na její jednotlivé členy,","souboroveDokumenty":null},{"fragmentId":2624575,"hloubka":5,"typ":"Pismeno_Lb","xhtml":"<var>c)</var> je vrchním velitelem ozbrojených sil,","souboroveDokumenty":null},{"fragmentId":2624577,"hloubka":5,"typ":"Pismeno_Lb","xhtml":"<var>d)</var> přijímá vedoucí zastupitelských misí,","souboroveDokumenty":null},{"fragmentId":2624579,"hloubka":5,"typ":"Pismeno_Lb","xhtml":"<var>e)</var> pověřuje a odvolává vedoucí zastupitelských misí,","souboroveDokumenty":null},{"fragmentId":2624581,"hloubka":5,"typ":"Pismeno_Lb","xhtml":"<var>f)</var> vyhlašuje volby do Poslanecké sněmovny a do Senátu,","souboroveDokumenty":null},{"fragmentId":2624583,"hloubka":5,"typ":"Pismeno_Lb","xhtml":"<var>g)</var> jmenuje a povyšuje generály,","souboroveDokumenty":null},{"fragmentId":2624585,"hloubka":5,"typ":"Pismeno_Lb","xhtml":"<var>h)</var> propůjčuje a uděluje státní vyznamenání, nezmocní-li k tomu jiný orgán,","souboroveDokumenty":null},{"fragmentId":2624587,"hloubka":5,"typ":"Pismeno_Lb","xhtml":"<var>i)</var> jmenuje soudce,","souboroveDokumenty":null},{"fragmentId":2625025,"hloubka":5,"typ":"Pismeno_Lb","xhtml":"<var>j)</var> nařizuje, aby se trestní řízení nezahajovalo, a bylo-li zahájeno, aby se v něm nepokračovalo,","souboroveDokumenty":null},{"fragmentId":2625027,"hloubka":5,"typ":"Pismeno_Lb","xhtml":"<var>k)</var> má právo udělovat amnestii.","souboroveDokumenty":null},{"fragmentId":2624591,"hloubka":4,"typ":"Odstavec_Dc","xhtml":"<var>(2)</var> Prezidentovi republiky přísluší vykonávat i pravomoci, které nejsou výslovně v ústavním zákoně uvedeny, stanoví-li tak zákon.","souboroveDokumenty":null},{"fragmentId":2624593,"hloubka":4,"typ":"Odstavec_Dc","xhtml":"<var>(3)</var> Rozhodnutí prezidenta republiky vydané podle <a data-odkaz-id=\"26347989\" href=\"#\"  class=\"int_odkaz\">odstavců 1</a> a <a data-odkaz-id=\"26348015\" href=\"#\"  class=\"int_odkaz\">2</a> vyžaduje ke své platnosti spolupodpis předsedy vlády nebo jím pověřeného člena vlády.","souboroveDokumenty":null},{"fragmentId":2624595,"hloubka":4,"typ":"Odstavec_Dc","xhtml":"<var>(4)</var> Za rozhodnutí prezidenta republiky, které vyžaduje spolupodpis předsedy vlády nebo jím pověřeného člena vlády, odpovídá vláda.","souboroveDokumenty":null},{"fragmentId":2624597,"hloubka":3,"typ":"Clanek","xhtml":"<var>Čl. 64</var>","souboroveDokumenty":null},{"fragmentId":2624599,"hloubka":4,"typ":"Odstavec_Dc","xhtml":"<var>(1)</var> Prezident republiky má právo účastnit se schůzí obou komor Parlamentu, jejich výborů a komisí. Udělí se mu slovo, kdykoliv o to požádá.","souboroveDokumenty":null},{"fragmentId":2624601,"hloubka":4,"typ":"Odstavec_Dc","xhtml":"<var>(2)</var> Prezident republiky má právo účastnit se schůzí vlády, vyžádat si od vlády a jejích členů zprávy a projednávat s vládou nebo s jejími členy otázky, které patří do jejich působnosti.","souboroveDokumenty":null},{"fragmentId":2624603,"hloubka":3,"typ":"Clanek","xhtml":"<var>Čl. 65</var>","souboroveDokumenty":null},{"fragmentId":2625029,"hloubka":4,"typ":"Odstavec_Dc","xhtml":"<var>(1)</var> Prezidenta republiky nelze po dobu výkonu jeho funkce zadržet, trestně stíhat ani stíhat pro přestupek nebo jiný správní delikt.","souboroveDokumenty":null},{"fragmentId":2625031,"hloubka":4,"typ":"Odstavec_Dc","xhtml":"<var>(2)</var> Senát může se souhlasem Poslanecké sněmovny podat ústavní žalobu proti prezidentu republiky k Ústavnímu soudu, a to pro velezradu nebo pro hrubé porušení Ústavy nebo jiné součásti ústavního pořádku; velezradou se rozumí jednání prezidenta republiky směřující proti svrchovanosti a celistvosti republiky, jakož i proti jejímu demokratickému řádu. Ústavní soud může na základě ústavní žaloby Senátu rozhodnout o tom, že prezident republiky ztrácí prezidentský úřad a způsobilost jej znovu nabýt.","souboroveDokumenty":null},{"fragmentId":2625033,"hloubka":4,"typ":"Odstavec_Dc","xhtml":"<var>(3)</var> K přijetí návrhu ústavní žaloby Senátem je třeba souhlasu třípětinové většiny přítomných senátorů. K přijetí souhlasu Poslanecké sněmovny s podáním ústavní žaloby je třeba souhlasu třípětinové většiny všech poslanců; nevysloví-li Poslanecká sněmovna souhlas do tří měsíců ode dne, kdy o něj Senát požádal, platí, že souhlas nebyl dán.","souboroveDokumenty":null},{"fragmentId":2624611,"hloubka":3,"typ":"Clanek","xhtml":"<var>Čl. 66</var>","souboroveDokumenty":null},{"fragmentId":2625035,"hloubka":4,"typ":"Odstavec_Dc","xhtml":"Uvolní-li se úřad prezidenta republiky a nový prezident republiky ještě není zvolen nebo nesložil slib, rovněž nemůže-li prezident republiky svůj úřad ze závažných důvodů vykonávat a usnese-li se na tom Poslanecká sněmovna a Senát, přísluší výkon funkcí podle <a data-odkaz-id=\"26348685\" href=\"#\"  class=\"int_odkaz\">čl. 63 odst. 1 písm. a) až e)</a> a <a data-odkaz-id=\"26348693\" href=\"#\"  class=\"int_odkaz\">h) až k)</a> a <a data-odkaz-id=\"26348701\" href=\"#\"  class=\"int_odkaz\">čl. 63 odst. 2</a> předsedovi vlády. Předsedovi Poslanecké sněmovny přísluší v době, kdy předseda vlády vykonává vymezené funkce prezidenta republiky výkon funkcí prezidenta republiky podle <a data-odkaz-id=\"26348709\" href=\"#\"  class=\"int_odkaz\">čl. 62 písm. a) až e)</a> a <a data-odkaz-id=\"26348717\" href=\"#\"  class=\"int_odkaz\">k)</a> a dále <a data-odkaz-id=\"26348725\" href=\"#\"  class=\"int_odkaz\">čl. 63 odst. 1 písm. f)</a>, jde-li o vyhlášení voleb do Senátu; uvolní-li se úřad prezidenta republiky v době, kdy je Poslanecká sněmovna rozpuštěna, přísluší výkon těchto funkcí předsedovi Senátu, kterému též přísluší v době, kdy předseda vlády vykonává vymezené funkce prezidenta republiky, výkon funkce prezidenta republiky podle <a data-odkaz-id=\"26348733\" href=\"#\"  class=\"int_odkaz\">čl. 63 odst. 1 písm. f)</a>, jde-li o vyhlášení voleb do Poslanecké sněmovny.","souboroveDokumenty":null},{"fragmentId":2624619,"hloubka":3,"typ":"Nadpis_nad","xhtml":"Vláda","souboroveDokumenty":null},{"fragmentId":2624621,"hloubka":3,"typ":"Clanek","xhtml":"<var>Čl. 67</var>","souboroveDokumenty":null},{"fragmentId":2624623,"hloubka":4,"typ":"Odstavec_Dc","xhtml":"<var>(1)</var> Vláda je vrcholným orgánem výkonné moci.","souboroveDokumenty":null},{"fragmentId":2624625,"hloubka":4,"typ":"Odstavec_Dc","xhtml":"<var>(2)</var> Vláda se skládá z předsedy vlády, místopředsedů vlády a ministrů.","souboroveDokumenty":null},{"fragmentId":2624627,"hloubka":3,"typ":"Clanek","xhtml":"<var>Čl. 68</var>","souboroveDokumenty":null},{"fragmentId":2624629,"hloubka":4,"typ":"Odstavec_Dc","xhtml":"<var>(1)</var> Vláda je odpovědna Poslanecké sněmovně.","souboroveDokumenty":null},{"fragmentId":2624631,"hloubka":4,"typ":"Odstavec_Dc","xhtml":"<var>(2)</var> Předsedu vlády jmenuje prezident republiky a na jeho návrh jmenuje ostatní členy vlády a pověřuje je řízením ministerstev nebo jiných úřadů.","souboroveDokumenty":null},{"fragmentId":2624633,"hloubka":4,"typ":"Odstavec_Dc","xhtml":"<var>(3)</var> Vláda předstoupí do třiceti dnů po svém jmenování před Poslaneckou sněmovnu a požádá ji o vyslovení důvěry.","souboroveDokumenty":null},{"fragmentId":2624635,"hloubka":4,"typ":"Odstavec_Dc","xhtml":"<var>(4)</var> Pokud nově jmenovaná vláda nezíská v Poslanecké sněmovně důvěru, postupuje se podle <a data-odkaz-id=\"26348317\" href=\"#\"  class=\"int_odkaz\">odstavců 2</a> a <a data-odkaz-id=\"26348343\" href=\"#\"  class=\"int_odkaz\">3</a>. Jestliže ani takto jmenovaná vláda nezíská důvěru Poslanecké sněmovny, jmenuje prezident republiky předsedu vlády na návrh předsedy Poslanecké sněmovny.","souboroveDokumenty":null},{"fragmentId":2624637,"hloubka":4,"typ":"Odstavec_Dc","xhtml":"<var>(5)</var> V ostatních případech prezident republiky jmenuje a odvolává na návrh předsedy vlády ostatní členy vlády a pověřuje je řízením ministerstev nebo jiných úřadů.","souboroveDokumenty":null},{"fragmentId":2624639,"hloubka":3,"typ":"Clanek","xhtml":"<var>Čl. 69</var>","souboroveDokumenty":null},{"fragmentId":2624641,"hloubka":4,"typ":"Odstavec_Dc","xhtml":"<var>(1)</var> Člen vlády skládá slib do rukou prezidenta republiky.","souboroveDokumenty":null},{"fragmentId":2624643,"hloubka":4,"typ":"Odstavec_Dc","xhtml":"<var>(2)</var> Slib člena vlády zní: „Slibuji věrnost České republice. Slibuji, že budu zachovávat její Ústavu a zákony a uvádět je v život. Slibuji na svou čest, že budu zastávat svůj úřad svědomitě a nezneužiji svého postavení.“.","souboroveDokumenty":null},{"fragmentId":2624645,"hloubka":3,"typ":"Clanek","xhtml":"<var>Čl. 70</var>","souboroveDokumenty":null},{"fragmentId":2624647,"hloubka":4,"typ":"Odstavec_Dc","xhtml":"Člen vlády nesmí vykonávat činnosti, jejichž povaha odporuje výkonu jeho funkce. Podrobnosti stanoví zákon.","souboroveDokumenty":null},{"fragmentId":2624649,"hloubka":3,"typ":"Clanek","xhtml":"<var>Čl. 71</var>","souboroveDokumenty":null},{"fragmentId":2624651,"hloubka":4,"typ":"Odstavec_Dc","xhtml":"Vláda může předložit Poslanecké sněmovně žádost o vyslovení důvěry.","souboroveDokumenty":null},{"fragmentId":2624653,"hloubka":3,"typ":"Clanek","xhtml":"<var>Čl. 72</var>","souboroveDokumenty":null},{"fragmentId":2624655,"hloubka":4,"typ":"Odstavec_Dc","xhtml":"<var>(1)</var> Poslanecká sněmovna může vyslovit vládě nedůvěru.","souboroveDokumenty":null},{"fragmentId":2624657,"hloubka":4,"typ":"Odstavec_Dc","xhtml":"<var>(2)</var> Návrh na vyslovení nedůvěry vládě projedná Poslanecká sněmovna, jen je-li podán písemně nejméně padesáti poslanci. K přijetí návrhu je třeba souhlasu nadpoloviční většiny všech poslanců.","souboroveDokumenty":null},{"fragmentId":2624659,"hloubka":3,"typ":"Clanek","xhtml":"<var>Čl. 73</var>","souboroveDokumenty":null},{"fragmentId":2624661,"hloubka":4,"typ":"Odstavec_Dc","xhtml":"<var>(1)</var> Předseda vlády podává demisi do rukou prezidenta republiky. Ostatní členové vlády podávají demisi do rukou prezidenta republiky prostřednictvím předsedy vlády.","souboroveDokumenty":null},{"fragmentId":2624663,"hloubka":4,"typ":"Odstavec_Dc","xhtml":"<var>(2)</var> Vláda podá demisi, jestliže Poslanecká sněmovna zamítla její žádost o vyslovení důvěry nebo jestliže jí vyslovila nedůvěru. Vláda podá demisi vždy po ustavující schůzi nově zvolené Poslanecké sněmovny.","souboroveDokumenty":null},{"fragmentId":2624665,"hloubka":4,"typ":"Odstavec_Dc","xhtml":"<var>(3)</var> Podá-li vláda demisi podle <a data-odkaz-id=\"26348369\" href=\"#\"  class=\"int_odkaz\">odstavce 2</a>, prezident republiky demisi přijme.","souboroveDokumenty":null},{"fragmentId":2624667,"hloubka":3,"typ":"Clanek","xhtml":"<var>Čl. 74</var>","souboroveDokumenty":null},{"fragmentId":2624669,"hloubka":4,"typ":"Odstavec_Dc","xhtml":"Prezident republiky odvolá člena vlády, jestliže to navrhne předseda vlády.","souboroveDokumenty":null},{"fragmentId":2624671,"hloubka":3,"typ":"Clanek","xhtml":"<var>Čl. 75</var>","souboroveDokumenty":null},{"fragmentId":2624673,"hloubka":4,"typ":"Odstavec_Dc","xhtml":"Prezident republiky odvolá vládu, která nepodala demisi, ačkoliv ji byla povinna podat.","souboroveDokumenty":null},{"fragmentId":2624675,"hloubka":3,"typ":"Clanek","xhtml":"<var>Čl. 76</var>","souboroveDokumenty":null},{"fragmentId":2624677,"hloubka":4,"typ":"Odstavec_Dc","xhtml":"<var>(1)</var> Vláda rozhoduje ve sboru.","souboroveDokumenty":null},{"fragmentId":2624679,"hloubka":4,"typ":"Odstavec_Dc","xhtml":"<var>(2)</var> K přijetí usnesení vlády je třeba souhlasu nadpoloviční většiny všech jejích členů.","souboroveDokumenty":null},{"fragmentId":2624681,"hloubka":3,"typ":"Clanek","xhtml":"<var>Čl. 77</var>","souboroveDokumenty":null},{"fragmentId":2624683,"hloubka":4,"typ":"Odstavec_Dc","xhtml":"<var>(1)</var> Předseda vlády organizuje činnost vlády, řídí její schůze, vystupuje jejím jménem a vykonává další činnosti, které jsou mu svěřeny Ústavou nebo jinými zákony.","souboroveDokumenty":null},{"fragmentId":2624685,"hloubka":4,"typ":"Odstavec_Dc","xhtml":"<var>(2)</var> Předsedu vlády zastupuje místopředseda vlády nebo jiný pověřený člen vlády.","souboroveDokumenty":null},{"fragmentId":2624687,"hloubka":3,"typ":"Clanek","xhtml":"<var>Čl. 78</var>","souboroveDokumenty":null},{"fragmentId":2624689,"hloubka":4,"typ":"Odstavec_Dc","xhtml":"K provedení zákona a v jeho mezích je vláda oprávněna vydávat nařízení. Nařízení podepisuje předseda vlády a příslušný člen vlády.","souboroveDokumenty":null},{"fragmentId":2624691,"hloubka":3,"typ":"Clanek","xhtml":"<var>Čl. 79</var>","souboroveDokumenty":null},{"fragmentId":2624693,"hloubka":4,"typ":"Odstavec_Dc","xhtml":"<var>(1)</var> Ministerstva a jiné správní úřady lze zřídit a jejich působnost stanovit pouze zákonem.","souboroveDokumenty":null},{"fragmentId":2624695,"hloubka":4,"typ":"Odstavec_Dc","xhtml":"<var>(2)</var> Právní poměry státních zaměstnanců v ministerstvech a jiných správních úřadech upravuje zákon.","souboroveDokumenty":null},{"fragmentId":2624697,"hloubka":4,"typ":"Odstavec_Dc","xhtml":"<var>(3)</var> Ministerstva, jiné správní úřady a orgány územní samosprávy mohou na základě a v mezích zákona vydávat právní předpisy, jsou-li k tomu zákonem zmocněny.","souboroveDokumenty":null},{"fragmentId":2624699,"hloubka":3,"typ":"Clanek","xhtml":"<var>Čl. 80</var>","souboroveDokumenty":null},{"fragmentId":2624701,"hloubka":4,"typ":"Odstavec_Dc","xhtml":"<var>(1)</var> Státní zastupitelství zastupuje veřejnou žalobu v trestním řízení; vykonává i další úkoly, stanoví-li tak zákon.","souboroveDokumenty":null},{"fragmentId":2624703,"hloubka":4,"typ":"Odstavec_Dc","xhtml":"<var>(2)</var> Postavení a působnost státního zastupitelství stanoví zákon.","souboroveDokumenty":null},{"fragmentId":2624705,"hloubka":2,"typ":"Hlava","xhtml":"<var>HLAVA ČTVRTÁ</var>","souboroveDokumenty":null},{"fragmentId":2624707,"hloubka":3,"typ":"Nadpis_pod","xhtml":"MOC SOUDNÍ","souboroveDokumenty":null},{"fragmentId":2624709,"hloubka":3,"typ":"Clanek","xhtml":"<var>Čl. 81</var>","souboroveDokumenty":null},{"fragmentId":2624711,"hloubka":4,"typ":"Odstavec_Dc","xhtml":"Soudní moc vykonávají jménem republiky nezávislé soudy.","souboroveDokumenty":null},{"fragmentId":2624713,"hloubka":3,"typ":"Clanek","xhtml":"<var>Čl. 82</var>","souboroveDokumenty":null},{"fragmentId":2624715,"hloubka":4,"typ":"Odstavec_Dc","xhtml":"<var>(1)</var> Soudci jsou při výkonu své funkce nezávislí. Jejich nestrannost nesmí nikdo ohrožovat.","souboroveDokumenty":null},{"fragmentId":2624717,"hloubka":4,"typ":"Odstavec_Dc","xhtml":"<var>(2)</var> Soudce nelze proti jeho vůli odvolat nebo přeložit k jinému soudu; výjimky vyplývající zejména z kárné odpovědnosti stanoví zákon.","souboroveDokumenty":null},{"fragmentId":2624719,"hloubka":4,"typ":"Odstavec_Dc","xhtml":"<var>(3)</var> Funkce soudce není slučitelná s funkcí prezidenta republiky, člena Parlamentu ani s jakoukoli funkcí ve veřejné správě; zákon stanoví, se kterými dalšími činnostmi je výkon soudcovské funkce neslučitelný.","souboroveDokumenty":null},{"fragmentId":2624721,"hloubka":3,"typ":"Nadpis_nad","xhtml":"Ústavní soud","souboroveDokumenty":null},{"fragmentId":2624723,"hloubka":3,"typ":"Clanek","xhtml":"<var>Čl. 83</var>","souboroveDokumenty":null},{"fragmentId":2624725,"hloubka":4,"typ":"Odstavec_Dc","xhtml":"Ústavní soud je soudním orgánem ochrany ústavnosti.","souboroveDokumenty":null},{"fragmentId":2624727,"hloubka":3,"typ":"Clanek","xhtml":"<var>Čl. 84</var>","souboroveDokumenty":null},{"fragmentId":2624729,"hloubka":4,"typ":"Odstavec_Dc","xhtml":"<var>(1)</var> Ústavní soud se skládá z 15 soudců, kteří jsou jmenováni na dobu deseti let.","souboroveDokumenty":null},{"fragmentId":2624731,"hloubka":4,"typ":"Odstavec_Dc","xhtml":"<var>(2)</var> Soudce Ústavního soudu jmenuje prezident republiky se souhlasem Senátu.","souboroveDokumenty":null},{"fragmentId":2624733,"hloubka":4,"typ":"Odstavec_Dc","xhtml":"<var>(3)</var> Soudcem Ústavního soudu může být jmenován bezúhonný občan, který je volitelný do Senátu, má vysokoškolské právnické vzdělání a byl nejméně deset let činný v právnickém povolání.","souboroveDokumenty":null},{"fragmentId":2624735,"hloubka":3,"typ":"Clanek","xhtml":"<var>Čl. 85</var>","souboroveDokumenty":null},{"fragmentId":2624737,"hloubka":4,"typ":"Odstavec_Dc","xhtml":"<var>(1)</var> Složením slibu do rukou prezidenta republiky se soudce Ústavního soudu ujímá své funkce.","souboroveDokumenty":null},{"fragmentId":2624739,"hloubka":4,"typ":"Odstavec_Dc","xhtml":"<var>(2)</var> Slib soudce Ústavního soudu zní: „Slibuji na svou čest a svědomí, že budu chránit neporušitelnost přirozených práv člověka a práv občana, řídit se ústavními zákony a rozhodovat podle svého nejlepšího přesvědčení nezávisle a nestranně.“.","souboroveDokumenty":null},{"fragmentId":2624741,"hloubka":4,"typ":"Odstavec_Dc","xhtml":"<var>(3)</var> Odmítne-li soudce složit slib nebo složí-li slib s výhradou, hledí se na něho, jako by nebyl jmenován.","souboroveDokumenty":null},{"fragmentId":2624743,"hloubka":3,"typ":"Clanek","xhtml":"<var>Čl. 86</var>","souboroveDokumenty":null},{"fragmentId":2625043,"hloubka":4,"typ":"Odstavec_Dc","xhtml":"<var>(1)</var> Soudce Ústavního soudu nelze trestně stíhat bez souhlasu Senátu. Odepře-li Senát souhlas, je trestní stíhání po dobu trvání funkce soudce Ústavního soudu vyloučeno.","souboroveDokumenty":null},{"fragmentId":2624747,"hloubka":4,"typ":"Odstavec_Dc","xhtml":"<var>(2)</var> Soudce Ústavního soudu lze zadržet jen, byl-li dopaden při spáchání trestného činu, anebo bezprostředně poté. Příslušný orgán je povinen zadržení ihned oznámit předsedovi Senátu. Nedá-li předseda Senátu do 24 hodin od zadržení souhlas k odevzdání zadrženého soudu, je příslušný orgán povinen ho propustit. Na své první následující schůzi Senát rozhodne o přípustnosti trestního stíhání s konečnou platností.","souboroveDokumenty":null},{"fragmentId":2624749,"hloubka":4,"typ":"Odstavec_Dc","xhtml":"<var>(3)</var> Soudce Ústavního soudu má právo odepřít svědectví o skutečnostech, které se dozvěděl v souvislosti s výkonem své funkce, a to i poté, kdy přestal být soudcem Ústavního soudu.","souboroveDokumenty":null},{"fragmentId":2624751,"hloubka":3,"typ":"Clanek","xhtml":"<var>Čl. 87</var>","souboroveDokumenty":null},{"fragmentId":2624753,"hloubka":4,"typ":"Odstavec_Dc","xhtml":"<var>(1)</var> Ústavní soud rozhoduje","souboroveDokumenty":null},{"fragmentId":2624757,"hloubka":5,"typ":"Pismeno_Lb","xhtml":"<var>a)</var> o zrušení zákonů nebo jejich jednotlivých ustanovení, jsou-li v rozporu s ústavním pořádkem,","souboroveDokumenty":null},{"fragmentId":2624761,"hloubka":5,"typ":"Pismeno_Lb","xhtml":"<var>b)</var> o zrušení jiných právních předpisů nebo jejich jednotlivých ustanovení, jsou-li v rozporu s ústavním pořádkem nebo zákonem,","souboroveDokumenty":null},{"fragmentId":2624763,"hloubka":5,"typ":"Pismeno_Lb","xhtml":"<var>c)</var> o ústavní stížnosti orgánů územní samosprávy proti nezákonnému zásahu státu,","souboroveDokumenty":null},{"fragmentId":2624765,"hloubka":5,"typ":"Pismeno_Lb","xhtml":"<var>d)</var> o ústavní stížnosti proti pravomocnému rozhodnutí a jinému zásahu orgánů veřejné moci do ústavně zaručených základních práv a svobod,","souboroveDokumenty":null},{"fragmentId":2624767,"hloubka":5,"typ":"Pismeno_Lb","xhtml":"<var>e)</var> o opravném prostředku proti rozhodnutí ve věci ověření volby poslance nebo senátora,","souboroveDokumenty":null},{"fragmentId":2624769,"hloubka":5,"typ":"Pismeno_Lb","xhtml":"<var>f)</var> v pochybnostech o ztrátě volitelnosti a o neslučitelnosti výkonu funkcí poslance nebo senátora podle <a data-odkaz-id=\"26348419\" href=\"#\"  class=\"int_odkaz\">čl. 25</a>,","souboroveDokumenty":null},{"fragmentId":2624771,"hloubka":5,"typ":"Pismeno_Lb","xhtml":"<var>g)</var> o ústavní žalobě Senátu proti prezidentu republiky podle <a data-odkaz-id=\"26348445\" href=\"#\"  class=\"int_odkaz\">čl. 65 odst. 2</a>,","souboroveDokumenty":null},{"fragmentId":2624773,"hloubka":5,"typ":"Pismeno_Lb","xhtml":"<var>h)</var> o návrhu prezidenta republiky na zrušení usnesení Poslanecké sněmovny a Senátu podle <a data-odkaz-id=\"26348471\" href=\"#\"  class=\"int_odkaz\">čl. 66</a>,","souboroveDokumenty":null},{"fragmentId":2624775,"hloubka":5,"typ":"Pismeno_Lb","xhtml":"<var>i)</var> o opatřeních nezbytných k provedení rozhodnutí mezinárodního soudu, které je pro Českou republiku závazné, pokud je nelze provést jinak,","souboroveDokumenty":null},{"fragmentId":2624777,"hloubka":5,"typ":"Pismeno_Lb","xhtml":"<var>j)</var> o tom, zda rozhodnutí o rozpuštění politické strany nebo jiné rozhodnutí týkající se činnosti politické strany je ve shodě s ústavními nebo jinými zákony,","souboroveDokumenty":null},{"fragmentId":2625037,"hloubka":5,"typ":"Pismeno_Lb","xhtml":"<var>k)</var> spory o rozsah kompetencí státních orgánů a orgánů územní samosprávy, nepřísluší-li podle zákona jinému orgánu.","souboroveDokumenty":null},{"fragmentId":2624787,"hloubka":4,"typ":"Odstavec_Dc","xhtml":"<var>(2)</var> Ústavní soud dále rozhoduje o souladu mezinárodní smlouvy podle <a data-odkaz-id=\"26348501\" href=\"#\"  class=\"int_odkaz\">čl. 10a</a> a <a data-odkaz-id=\"26348515\" href=\"#\"  class=\"int_odkaz\">čl. 49</a> s ústavním pořádkem, a to před její ratifikací. Do rozhodnutí Ústavního soudu nemůže být smlouva ratifikována.","souboroveDokumenty":null},{"fragmentId":2624791,"hloubka":4,"typ":"Odstavec_Dc","xhtml":"<var>(3)</var> Zákon může stanovit, že namísto Ústavního soudu rozhoduje Nejvyšší správní soud","souboroveDokumenty":null},{"fragmentId":2624793,"hloubka":5,"typ":"Pismeno_Lb","xhtml":"<var>a)</var> o zrušení právních předpisů nebo jejich jednotlivých ustanovení, jsou-li v rozporu se zákonem,","souboroveDokumenty":null},{"fragmentId":2624795,"hloubka":5,"typ":"Pismeno_Lb","xhtml":"<var>b)</var> spory o rozsah kompetencí státních orgánů a orgánů územní samosprávy, nepřísluší-li podle zákona jinému orgánu.","souboroveDokumenty":null},{"fragmentId":2624797,"hloubka":3,"typ":"Clanek","xhtml":"<var>Čl. 88</var>","souboroveDokumenty":null},{"fragmentId":2624799,"hloubka":4,"typ":"Odstavec_Dc","xhtml":"<var>(1)</var> Zákon stanoví, kdo a za jakých podmínek je oprávněn podat návrh na zahájení řízení a další pravidla o řízení před Ústavním soudem.","souboroveDokumenty":null},{"fragmentId":2624803,"hloubka":4,"typ":"Odstavec_Dc","xhtml":"<var>(2)</var> Soudci Ústavního soudu jsou při svém rozhodování vázáni pouze ústavním pořádkem a zákonem podle <a data-odkaz-id=\"26348553\" href=\"#\"  class=\"int_odkaz\">odstavce 1.</a>","souboroveDokumenty":null},{"fragmentId":2624805,"hloubka":3,"typ":"Clanek","xhtml":"<var>Čl. 89</var>","souboroveDokumenty":null},{"fragmentId":2624807,"hloubka":4,"typ":"Odstavec_Dc","xhtml":"<var>(1)</var> Rozhodnutí Ústavního soudu je vykonatelné, jakmile bylo vyhlášeno způsobem stanoveným zákonem, pokud Ústavní soud o jeho vykonatelnosti nerozhodl jinak.","souboroveDokumenty":null},{"fragmentId":2624809,"hloubka":4,"typ":"Odstavec_Dc","xhtml":"<var>(2)</var> Vykonatelná rozhodnutí Ústavního soudu jsou závazná pro všechny orgány i osoby.","souboroveDokumenty":null},{"fragmentId":2624811,"hloubka":4,"typ":"Odstavec_Dc","xhtml":"<var>(3)</var> Rozhodnutí Ústavního soudu, kterým byl podle <a data-odkaz-id=\"26348567\" href=\"#\"  class=\"int_odkaz\">čl. 87 odst. 2</a> vysloven nesoulad mezinárodní smlouvy s ústavním pořádkem, brání ratifikaci smlouvy do doby, než bude nesoulad odstraněn.","souboroveDokumenty":null},{"fragmentId":2624813,"hloubka":3,"typ":"Nadpis_nad","xhtml":"Soudy","souboroveDokumenty":null},{"fragmentId":2624815,"hloubka":3,"typ":"Clanek","xhtml":"<var>Čl. 90</var>","souboroveDokumenty":null},{"fragmentId":2624817,"hloubka":4,"typ":"Odstavec_Dc","xhtml":"Soudy jsou povolány především k tomu, aby zákonem stanoveným způsobem poskytovaly ochranu právům. Jen soud rozhoduje o vině a trestu za trestné činy.","souboroveDokumenty":null},{"fragmentId":2624819,"hloubka":3,"typ":"Clanek","xhtml":"<var>Čl. 91</var>","souboroveDokumenty":null},{"fragmentId":2624821,"hloubka":4,"typ":"Odstavec_Dc","xhtml":"<var>(1)</var> Soustavu soudů tvoří Nejvyšší soud, Nejvyšší správní soud, vrchní, krajské a okresní soudy. Zákon může stanovit jejich jiné označení.","souboroveDokumenty":null},{"fragmentId":2624823,"hloubka":4,"typ":"Odstavec_Dc","xhtml":"<var>(2)</var> Působnost a organizaci soudů stanoví zákon.","souboroveDokumenty":null},{"fragmentId":2624825,"hloubka":3,"typ":"Clanek","xhtml":"<var>Čl. 92</var>","souboroveDokumenty":null},{"fragmentId":2624827,"hloubka":4,"typ":"Odstavec_Dc","xhtml":"Nejvyšší soud je vrcholným soudním orgánem ve věcech patřících do pravomoci soudů s výjimkou záležitostí, o nichž rozhoduje Ústavní soud nebo Nejvyšší správní soud.","souboroveDokumenty":null},{"fragmentId":2624829,"hloubka":3,"typ":"Clanek","xhtml":"<var>Čl. 93</var>","souboroveDokumenty":null},{"fragmentId":2624831,"hloubka":4,"typ":"Odstavec_Dc","xhtml":"<var>(1)</var> Soudce je jmenován do funkce prezidentem republiky bez časového omezení. Své funkce se ujímá složením slibu.","souboroveDokumenty":null},{"fragmentId":2624833,"hloubka":4,"typ":"Odstavec_Dc","xhtml":"<var>(2)</var> Soudcem může být jmenován bezúhonný občan, který má vysokoškolské právnické vzdělání. Další předpoklady a postup stanoví zákon.","souboroveDokumenty":null},{"fragmentId":2624835,"hloubka":3,"typ":"Clanek","xhtml":"<var>Čl. 94</var>","souboroveDokumenty":null},{"fragmentId":2624837,"hloubka":4,"typ":"Odstavec_Dc","xhtml":"<var>(1)</var> Zákon stanoví případy, kdy soudci rozhodují v senátu a jaké je jeho složení. V ostatních případech rozhodují jako samosoudci.","souboroveDokumenty":null},{"fragmentId":2624839,"hloubka":4,"typ":"Odstavec_Dc","xhtml":"<var>(2)</var> Zákon může stanovit, ve kterých věcech a jakým způsobem se na rozhodování soudů podílejí vedle soudců i další občané.","souboroveDokumenty":null},{"fragmentId":2624843,"hloubka":3,"typ":"Clanek","xhtml":"<var>Čl. 95</var>","souboroveDokumenty":null},{"fragmentId":2624847,"hloubka":4,"typ":"Odstavec_Dc","xhtml":"<var>(1)</var> Soudce je při rozhodování vázán zákonem a mezinárodní smlouvou, která je součástí právního řádu; je oprávněn posoudit soulad jiného právního předpisu se zákonem nebo s takovou mezinárodní smlouvou.","souboroveDokumenty":null},{"fragmentId":2624851,"hloubka":4,"typ":"Odstavec_Dc","xhtml":"<var>(2)</var> Dojde-li soud k závěru, že zákon, jehož má být při řešení věci použito, je v rozporu s ústavním pořádkem, předloží věc Ústavnímu soudu.","souboroveDokumenty":null},{"fragmentId":2624853,"hloubka":3,"typ":"Clanek","xhtml":"<var>Čl. 96</var>","souboroveDokumenty":null},{"fragmentId":2624855,"hloubka":4,"typ":"Odstavec_Dc","xhtml":"<var>(1)</var> Všichni účastníci řízení mají před soudem rovná práva.","souboroveDokumenty":null},{"fragmentId":2624857,"hloubka":4,"typ":"Odstavec_Dc","xhtml":"<var>(2)</var> Jednání před soudem je ústní a veřejné; výjimky stanoví zákon. Rozsudek se vyhlašuje vždy veřejně.","souboroveDokumenty":null},{"fragmentId":2624859,"hloubka":2,"typ":"Hlava","xhtml":"<var>HLAVA PÁTÁ</var>","souboroveDokumenty":null},{"fragmentId":2624861,"hloubka":3,"typ":"Nadpis_pod","xhtml":"NEJVYŠŠÍ KONTROLNÍ ÚŘAD","souboroveDokumenty":null},{"fragmentId":2624863,"hloubka":3,"typ":"Clanek","xhtml":"<var>Čl. 97</var>","souboroveDokumenty":null},{"fragmentId":2624865,"hloubka":4,"typ":"Odstavec_Dc","xhtml":"<var>(1)</var> Nejvyšší kontrolní úřad je nezávislý orgán. Vykonává kontrolu hospodaření se státním majetkem a plnění státního rozpočtu.","souboroveDokumenty":null},{"fragmentId":2624867,"hloubka":4,"typ":"Odstavec_Dc","xhtml":"<var>(2)</var> Prezidenta a viceprezidenta Nejvyššího kontrolního úřadu jmenuje prezident republiky na návrh Poslanecké sněmovny.","souboroveDokumenty":null},{"fragmentId":2624869,"hloubka":4,"typ":"Odstavec_Dc","xhtml":"<var>(3)</var> Postavení, působnost, organizační strukturu a další podrobnosti stanoví zákon.","souboroveDokumenty":null},{"fragmentId":2624871,"hloubka":2,"typ":"Hlava","xhtml":"<var>HLAVA ŠESTÁ</var>","souboroveDokumenty":null},{"fragmentId":2624873,"hloubka":3,"typ":"Nadpis_pod","xhtml":"ČESKÁ NÁRODNÍ BANKA","souboroveDokumenty":null},{"fragmentId":2624875,"hloubka":3,"typ":"Clanek","xhtml":"<var>Čl. 98</var>","souboroveDokumenty":null},{"fragmentId":2624879,"hloubka":4,"typ":"Odstavec_Dc","xhtml":"<var>(1)</var> Česká národní banka je ústřední bankou státu. Hlavním cílem její činnosti je péče o cenovou stabilitu; do její činnosti lze zasahovat pouze na základě zákona.","souboroveDokumenty":null},{"fragmentId":2624881,"hloubka":4,"typ":"Odstavec_Dc","xhtml":"<var>(2)</var> Postavení, působnost a další podrobnosti stanoví zákon.","souboroveDokumenty":null},{"fragmentId":2624883,"hloubka":2,"typ":"Hlava","xhtml":"<var>HLAVA SEDMÁ</var>","souboroveDokumenty":null},{"fragmentId":2624885,"hloubka":3,"typ":"Nadpis_pod","xhtml":"ÚZEMNÍ SAMOSPRÁVA","souboroveDokumenty":null},{"fragmentId":2624889,"hloubka":3,"typ":"Clanek","xhtml":"<var>Čl. 99</var>","souboroveDokumenty":null},{"fragmentId":2624893,"hloubka":4,"typ":"Odstavec_Dc","xhtml":"Česká republika se člení na obce, které jsou základními územními samosprávnými celky, a kraje, které jsou vyššími územními samosprávnými celky.","souboroveDokumenty":null},{"fragmentId":2624895,"hloubka":3,"typ":"Clanek","xhtml":"<var>Čl. 100</var>","souboroveDokumenty":null},{"fragmentId":2624897,"hloubka":4,"typ":"Odstavec_Dc","xhtml":"<var>(1)</var> Územní samosprávné celky jsou územními společenstvími občanů, která mají právo na samosprávu. Zákon stanoví, kdy jsou správními obvody.","souboroveDokumenty":null},{"fragmentId":2624899,"hloubka":4,"typ":"Odstavec_Dc","xhtml":"<var>(2)</var> Obec je vždy součástí vyššího územního samosprávného celku.","souboroveDokumenty":null},{"fragmentId":2624901,"hloubka":4,"typ":"Odstavec_Dc","xhtml":"<var>(3)</var> Vytvořit nebo zrušit vyšší územní samosprávný celek lze jen ústavním zákonem.","souboroveDokumenty":null},{"fragmentId":2624903,"hloubka":3,"typ":"Clanek","xhtml":"<var>Čl. 101</var>","souboroveDokumenty":null},{"fragmentId":2624905,"hloubka":4,"typ":"Odstavec_Dc","xhtml":"<var>(1)</var> Obec je samostatně spravována zastupitelstvem.","souboroveDokumenty":null},{"fragmentId":2624907,"hloubka":4,"typ":"Odstavec_Dc","xhtml":"<var>(2)</var> Vyšší územní samosprávný celek je samostatně spravován zastupitelstvem.","souboroveDokumenty":null},{"fragmentId":2624909,"hloubka":4,"typ":"Odstavec_Dc","xhtml":"<var>(3)</var> Územní samosprávné celky jsou veřejnoprávními korporacemi, které mohou mít vlastní majetek a hospodaří podle vlastního rozpočtu.","souboroveDokumenty":null},{"fragmentId":2624911,"hloubka":4,"typ":"Odstavec_Dc","xhtml":"<var>(4)</var> Stát může zasahovat do činnosti územních samosprávných celků, jen vyžaduje-li to ochrana zákona, a jen způsobem stanoveným zákonem.","souboroveDokumenty":null},{"fragmentId":2624913,"hloubka":3,"typ":"Clanek","xhtml":"<var>Čl. 102</var>","souboroveDokumenty":null},{"fragmentId":2624915,"hloubka":4,"typ":"Odstavec_Dc","xhtml":"<var>(1)</var> Členové zastupitelstev jsou voleni tajným hlasováním na základě všeobecného, rovného a přímého volebního práva.","souboroveDokumenty":null},{"fragmentId":2624917,"hloubka":4,"typ":"Odstavec_Dc","xhtml":"<var>(2)</var> Funkční období zastupitelstva je čtyřleté. Zákon stanoví, za jakých podmínek se vyhlásí nové volby zastupitelstva před uplynutím jeho funkčního období.","souboroveDokumenty":null},{"fragmentId":2624923,"hloubka":3,"typ":"Clanek","xhtml":"<var>Čl. 104</var>","souboroveDokumenty":null},{"fragmentId":2624925,"hloubka":4,"typ":"Odstavec_Dc","xhtml":"<var>(1)</var> Působnost zastupitelstev může být stanovena jen zákonem.","souboroveDokumenty":null},{"fragmentId":2624927,"hloubka":4,"typ":"Odstavec_Dc","xhtml":"<var>(2)</var> Zastupitelstvo obce rozhoduje ve věcech samosprávy, pokud nejsou zákonem svěřeny zastupitelstvu vyššího územního samosprávného celku.","souboroveDokumenty":null},{"fragmentId":2624929,"hloubka":4,"typ":"Odstavec_Dc","xhtml":"<var>(3)</var> Zastupitelstva mohou v mezích své působnosti vydávat obecně závazné vyhlášky.","souboroveDokumenty":null},{"fragmentId":2624931,"hloubka":3,"typ":"Clanek","xhtml":"<var>Čl. 105</var>","souboroveDokumenty":null},{"fragmentId":2624933,"hloubka":4,"typ":"Odstavec_Dc","xhtml":"Výkon státní správy lze svěřit orgánům samosprávy jen tehdy, stanoví-li to zákon.","souboroveDokumenty":null},{"fragmentId":2624935,"hloubka":1,"typ":"Virtual_Zaver","xhtml":null,"souboroveDokumenty":null},{"fragmentId":2624937,"hloubka":2,"typ":"Hlava","xhtml":"<var>HLAVA OSMÁ</var>","souboroveDokumenty":null},{"fragmentId":2624939,"hloubka":3,"typ":"Nadpis_pod","xhtml":"PŘECHODNÁ A ZÁVĚREČNÁ USTANOVENÍ","souboroveDokumenty":null},{"fragmentId":2624941,"hloubka":3,"typ":"Clanek","xhtml":"<var>Čl. 106</var>","souboroveDokumenty":null},{"fragmentId":2624943,"hloubka":4,"typ":"Odstavec_Dc","xhtml":"<var>(1)</var> Dnem účinnosti této Ústavy se Česká národní rada stává Poslaneckou sněmovnou, jejíž volební období skončí dnem 6. června 1996.","souboroveDokumenty":null},{"fragmentId":2624945,"hloubka":4,"typ":"Odstavec_Dc","xhtml":"<var>(2)</var> Do doby zvolení Senátu podle Ústavy vykonává funkce Senátu Prozatímní Senát. Prozatímní Senát se ustaví způsobem, který stanoví ústavní zákon. Do nabytí účinnosti tohoto zákona vykonává funkce Senátu Poslanecká sněmovna.","souboroveDokumenty":null},{"fragmentId":2624947,"hloubka":4,"typ":"Odstavec_Dc","xhtml":"<var>(3)</var> Poslaneckou sněmovnu nelze rozpustit, dokud vykonává funkci Senátu podle <a data-odkaz-id=\"26348581\" href=\"#\"  class=\"int_odkaz\">odstavce 2</a>.","souboroveDokumenty":null},{"fragmentId":2624949,"hloubka":4,"typ":"Odstavec_Dc","xhtml":"<var>(4)</var> Do přijetí zákonů o jednacím řádu komor se postupuje v jednotlivých komorách podle jednacího řádu České národní rady.","souboroveDokumenty":null},{"fragmentId":2624951,"hloubka":3,"typ":"Clanek","xhtml":"<var>Čl. 107</var>","souboroveDokumenty":null},{"fragmentId":2624953,"hloubka":4,"typ":"Odstavec_Dc","xhtml":"<var>(1)</var> Zákon o volbách do Senátu stanoví, jakým způsobem se při prvních volbách do Senátu určí třetina senátorů, jejichž volební období bude dvouleté, a třetina senátorů, jejichž volební období bude čtyřleté.","souboroveDokumenty":null},{"fragmentId":2624955,"hloubka":4,"typ":"Odstavec_Dc","xhtml":"<var>(2)</var> Zasedání Senátu svolá prezident republiky tak, aby bylo zahájeno nejpozději třicátý den po dni voleb; neučiní-li tak, sejde se Senát třicátý den po dni voleb.","souboroveDokumenty":null},{"fragmentId":2624957,"hloubka":3,"typ":"Clanek","xhtml":"<var>Čl. 108</var>","souboroveDokumenty":null},{"fragmentId":2624959,"hloubka":4,"typ":"Odstavec_Dc","xhtml":"Vláda České republiky jmenovaná po volbách v roce 1992 a vykonávající svou funkci ke dni účinnosti Ústavy se považuje za vládu jmenovanou podle této Ústavy.","souboroveDokumenty":null},{"fragmentId":2624961,"hloubka":3,"typ":"Clanek","xhtml":"<var>Čl. 109</var>","souboroveDokumenty":null},{"fragmentId":2624963,"hloubka":4,"typ":"Odstavec_Dc","xhtml":"Do doby zřízení státního zastupitelství vykonává jeho funkce prokuratura České republiky.","souboroveDokumenty":null},{"fragmentId":2624965,"hloubka":3,"typ":"Clanek","xhtml":"<var>Čl. 110</var>","souboroveDokumenty":null},{"fragmentId":2624967,"hloubka":4,"typ":"Odstavec_Dc","xhtml":"Do 31. prosince 1993 tvoří soustavu soudů též vojenské soudy.","souboroveDokumenty":null},{"fragmentId":2624969,"hloubka":3,"typ":"Clanek","xhtml":"<var>Čl. 111</var>","souboroveDokumenty":null},{"fragmentId":2624971,"hloubka":4,"typ":"Odstavec_Dc","xhtml":"Soudci všech soudů České republiky vykonávající funkci soudce ke dni nabytí účinnosti této Ústavy se považují za soudce jmenované podle Ústavy České republiky.","souboroveDokumenty":null},{"fragmentId":2624973,"hloubka":3,"typ":"Clanek","xhtml":"<var>Čl. 112</var>","souboroveDokumenty":null},{"fragmentId":2624975,"hloubka":4,"typ":"Odstavec_Dc","xhtml":"<var>(1)</var> Ústavní pořádek České republiky tvoří tato Ústava, <a data-odkaz-id=\"26348607\" href=\"#\"  class=\"ext_odkaz\">Listina základních práv a svobod</a>, ústavní zákony přijaté podle této Ústavy a ústavní zákony Národního shromáždění Československé republiky, Federálního shromáždění Československé socialistické republiky a České národní rady upravující státní hranice České republiky a ústavní zákony České národní rady přijaté po 6. červnu 1992.","souboroveDokumenty":null},{"fragmentId":2624977,"hloubka":4,"typ":"Odstavec_Dc","xhtml":"<var>(2)</var> Zrušují se dosavadní Ústava, ústavní zákon <a data-odkaz-id=\"26348633\" href=\"#\"  class=\"ext_odkaz\">o československé federaci</a>, ústavní zákony, které je měnily a doplňovaly, a <a data-odkaz-id=\"26348659\" href=\"#\"  class=\"ext_odkaz\">ústavní zákon České národní rady č. 67/1990 Sb., o státních symbolech České republiky</a>.","souboroveDokumenty":null},{"fragmentId":2624979,"hloubka":4,"typ":"Odstavec_Dc","xhtml":"<var>(3)</var> Ostatní ústavní zákony platné na území České republiky ke dni účinnosti této Ústavy mají sílu zákona.","souboroveDokumenty":null},{"fragmentId":2624981,"hloubka":3,"typ":"Clanek","xhtml":"<var>Čl. 113</var>","souboroveDokumenty":null},{"fragmentId":12661393,"hloubka":4,"typ":"Block_Ucinnostni_Ustanoveni","xhtml":null,"souboroveDokumenty":null},{"fragmentId":2624983,"hloubka":5,"typ":"Odstavec_Dc","xhtml":"Tato Ústava nabývá účinnosti dnem 1. ledna 1993.","souboroveDokumenty":null},{"fragmentId":2624985,"hloubka":1,"typ":"Virtual_Postfix","xhtml":null,"souboroveDokumenty":null},{"fragmentId":2624987,"hloubka":2,"typ":"Postfix","xhtml":"Uhde v. r.","souboroveDokumenty":null},{"fragmentId":2624989,"hloubka":2,"typ":"Postfix","xhtml":"Klaus v. r.","souboroveDokumenty":null}],"sablonaHierarchieKod":"SABL_NOVY_PA_ZAKON_UST","sablonaHierarchieVerze":1}